Color,Exec/Upside,bucket,Course Condition,Round Type,-2,2,Win Ratio,Adj Win Ratio (150),%Score,Score,,,,,,,
Pink,Exec,0-25,Calm,Open,4,1,80.00%,61.90%,0.91%,0.91,,Exec,Calm,Open,5468,3497,60.99%
Pink,Exec,25-50,Calm,Open,35,20,63.64%,61.93%,0.94%,0.94,,Exec,Calm,Positioning,2825,2308,55.04%
Pink,Exec,50-75,Calm,Open,5,1,83.33%,62.26%,1.26%,1.26,,Exec,Calm,Survival,4049,3074,56.84%
Pink,Exec,75-100,Calm,Open,0,0,#DIV/0!,60.99%,0.00%,0.00,,Exec,Calm,Closing,2831,2126,57.11%
Orange,Exec,0-25,Calm,Open,7,2,77.78%,62.38%,1.39%,1.39,,Exec,Moderate,Open,2983,2484,54.56%
Orange,Exec,25-50,Calm,Open,383,246,60.89%,60.89%,-0.10%,-0.10,,Exec,Moderate,Positioning,1099,1392,44.12%
Orange,Exec,50-75,Calm,Open,323,154,67.71%,67.71%,6.72%,6.72,,Exec,Moderate,Survival,2818,2559,52.41%
Orange,Exec,75-100,Calm,Open,66,68,49.25%,49.25%,-11.74%,-11.74,,Exec,Moderate,Closing,1341,1515,46.95%
Blue,Exec,0-25,Calm,Open,3,0,100.00%,62.13%,1.14%,1.14,,Upside,Calm,Open,5468,3497,60.99%
Blue,Exec,25-50,Calm,Open,419,249,62.72%,62.72%,1.73%,1.73,,Upside,Calm,Positioning,2825,2308,55.04%
Blue,Exec,50-75,Calm,Open,495,363,57.69%,57.69%,-3.30%,-3.30,,Upside,Calm,Survival,4049,3074,56.84%
Blue,Exec,75-100,Calm,Open,126,77,62.07%,62.07%,1.08%,1.08,,Upside,Calm,Closing,2831,2126,57.11%
Yellow,Exec,0-25,Calm,Open,2,5,28.57%,58.87%,-2.12%,-2.12,,Upside,Moderate,Open,2983,2484,54.56%
Yellow,Exec,25-50,Calm,Open,600,390,60.61%,60.61%,-0.39%,-0.39,,Upside,Moderate,Positioning,1099,1392,44.12%
Yellow,Exec,50-75,Calm,Open,1255,746,62.72%,62.72%,1.73%,1.73,,Upside,Moderate,Survival,2814,2557,52.39%
Yellow,Exec,75-100,Calm,Open,196,119,62.22%,62.22%,1.23%,1.23,,Upside,Moderate,Closing,1341,1515,46.95%
Green,Exec,0-25,Calm,Open,2,0,100.00%,61.76%,0.76%,0.76,,Upside,Tough,Open,203,142,58.84%
Green,Exec,25-50,Calm,Open,207,115,64.29%,64.29%,3.29%,3.29,,Upside,Tough,Positioning,193,287,40.21%
Green,Exec,50-75,Calm,Open,373,283,56.86%,56.86%,-4.13%,-4.13,,Upside,Tough,Survival,149,290,33.94%
Green,Exec,75-100,Calm,Open,66,39,62.86%,62.86%,1.86%,1.86,,Upside,Tough,Closing,90,190,32.14%
Purple,Exec,0-25,Calm,Open,1,0,100.00%,61.38%,0.39%,0.39,,Exec,Tough,Open,203,142,58.84%
Purple,Exec,25-50,Calm,Open,246,125,66.31%,66.31%,5.31%,5.31,,Exec,Tough,Positioning,193,287,40.21%
Purple,Exec,50-75,Calm,Open,427,337,55.89%,55.89%,-5.10%,-5.10,,Exec,Tough,Survival,149,290,33.94%
Purple,Exec,75-100,Calm,Open,83,52,61.48%,61.48%,0.49%,0.49,,Exec,Tough,Closing,90,190,32.14%
Red,Exec,0-25,Calm,Open,1,0,100.00%,61.38%,0.39%,0.39,,,,,,,
Red,Exec,25-50,Calm,Open,52,26,66.67%,63.48%,2.49%,2.49,,,,,,,
Red,Exec,50-75,Calm,Open,70,60,53.85%,53.85%,-7.15%,-7.15,,,,,,,
Red,Exec,75-100,Calm,Open,14,13,51.85%,59.05%,-1.94%,-1.94,,,,,,,
Brown,Exec,0-25,Calm,Open,0,0,#DIV/0!,60.99%,0.00%,0.00,,,,,,,
Brown,Exec,25-50,Calm,Open,2,2,50.00%,60.57%,-0.42%,-0.42,,,,,,,
Brown,Exec,50-75,Calm,Open,5,4,55.56%,60.54%,-0.45%,-0.45,,,,,,,
Brown,Exec,75-100,Calm,Open,0,0,#DIV/0!,60.99%,0.00%,0.00,,,,,,,
Pink,Exec,0-25,Calm,Positioning,2,0,100.00%,55.92%,0.88%,0.88,,,,,,,
Pink,Exec,25-50,Calm,Positioning,11,8,57.89%,55.49%,0.46%,0.46,,,,,,,
Pink,Exec,50-75,Calm,Positioning,3,7,30.00%,52.76%,-2.28%,-2.28,,,,,,,
Pink,Exec,75-100,Calm,Positioning,0,2,0.00%,53.96%,-1.08%,-1.08,,,,,,,
Orange,Exec,0-25,Calm,Positioning,0,0,#DIV/0!,55.04%,0.00%,0.00,,,,,,,
Orange,Exec,25-50,Calm,Positioning,199,174,53.35%,53.35%,-1.68%,-1.68,,,,,,,
Orange,Exec,50-75,Calm,Positioning,196,152,56.32%,56.32%,1.29%,1.29,,,,,,,
Orange,Exec,75-100,Calm,Positioning,30,37,44.78%,50.92%,-4.12%,-4.12,,,,,,,
Blue,Exec,0-25,Calm,Positioning,0,2,0.00%,53.96%,-1.08%,-1.08,,,,,,,
Blue,Exec,25-50,Calm,Positioning,208,143,59.26%,59.26%,4.22%,4.22,,,,,,,
Blue,Exec,50-75,Calm,Positioning,292,236,55.30%,55.30%,0.27%,0.27,,,,,,,
Blue,Exec,75-100,Calm,Positioning,64,41,60.95%,60.95%,5.92%,5.92,,,,,,,
Yellow,Exec,0-25,Calm,Positioning,2,0,100.00%,55.92%,0.88%,0.88,,,,,,,
Yellow,Exec,25-50,Calm,Positioning,295,203,59.24%,59.24%,4.20%,4.20,,,,,,,
Yellow,Exec,50-75,Calm,Positioning,593,531,52.76%,52.76%,-2.28%,-2.28,,,,,,,
Yellow,Exec,75-100,Calm,Positioning,136,91,59.91%,59.91%,4.88%,4.88,,,,,,,
Green,Exec,0-25,Calm,Positioning,0,0,#DIV/0!,55.04%,0.00%,0.00,,,,,,,
Green,Exec,25-50,Calm,Positioning,88,84,51.16%,51.16%,-3.87%,-3.87,,,,,,,
Green,Exec,50-75,Calm,Positioning,207,153,57.50%,57.50%,2.46%,2.46,,,,,,,
Green,Exec,75-100,Calm,Positioning,36,35,50.70%,53.24%,-1.80%,-1.80,,,,,,,
Purple,Exec,0-25,Calm,Positioning,2,0,100.00%,55.92%,0.88%,0.88,,,,,,,
Purple,Exec,25-50,Calm,Positioning,133,125,51.55%,51.55%,-3.49%,-3.49,,,,,,,
Purple,Exec,50-75,Calm,Positioning,221,174,55.95%,55.95%,0.91%,0.91,,,,,,,
Purple,Exec,75-100,Calm,Positioning,27,30,47.37%,52.25%,-2.78%,-2.78,,,,,,,
Red,Exec,0-25,Calm,Positioning,0,0,#DIV/0!,55.04%,0.00%,0.00,,,,,,,
Red,Exec,25-50,Calm,Positioning,18,28,39.13%,50.02%,-5.01%,-5.01,,,,,,,
Red,Exec,50-75,Calm,Positioning,51,44,53.68%,54.38%,-0.66%,-0.66,,,,,,,
Red,Exec,75-100,Calm,Positioning,7,4,63.64%,55.89%,0.85%,0.85,,,,,,,
Brown,Exec,0-25,Calm,Positioning,0,0,#DIV/0!,55.04%,0.00%,0.00,,,,,,,
Brown,Exec,25-50,Calm,Positioning,2,2,50.00%,54.84%,-0.19%,-0.19,,,,,,,
Brown,Exec,50-75,Calm,Positioning,2,2,50.00%,54.84%,-0.19%,-0.19,,,,,,,
Brown,Exec,75-100,Calm,Positioning,0,0,#DIV/0!,55.04%,0.00%,0.00,,,,,,,
Pink,Exec,0-25,Calm,Survival,0,1,0.00%,56.28%,-0.56%,-0.56,,,,,,,
Pink,Exec,25-50,Calm,Survival,8,6,57.14%,56.88%,0.04%,0.04,,,,,,,
Pink,Exec,50-75,Calm,Survival,5,0,100.00%,58.90%,2.06%,2.06,,,,,,,
Pink,Exec,75-100,Calm,Survival,0,0,#DIV/0!,56.84%,0.00%,0.00,,,,,,,
Orange,Exec,0-25,Calm,Survival,7,3,70.00%,58.04%,1.20%,1.20,,,,,,,
Orange,Exec,25-50,Calm,Survival,292,212,57.94%,57.94%,1.09%,1.09,,,,,,,
Orange,Exec,50-75,Calm,Survival,207,154,57.34%,57.34%,0.50%,0.50,,,,,,,
Orange,Exec,75-100,Calm,Survival,32,38,45.71%,52.26%,-4.58%,-4.58,,,,,,,
Blue,Exec,0-25,Calm,Survival,2,0,100.00%,57.69%,0.85%,0.85,,,,,,,
Blue,Exec,25-50,Calm,Survival,274,227,54.69%,54.69%,-2.15%,-2.15,,,,,,,
Blue,Exec,50-75,Calm,Survival,410,335,55.03%,55.03%,-1.81%,-1.81,,,,,,,
Blue,Exec,75-100,Calm,Survival,73,58,55.73%,55.73%,-1.12%,-1.12,,,,,,,
Yellow,Exec,0-25,Calm,Survival,2,1,66.67%,57.13%,0.29%,0.29,,,,,,,
Yellow,Exec,25-50,Calm,Survival,423,311,57.63%,57.63%,0.79%,0.79,,,,,,,
Yellow,Exec,50-75,Calm,Survival,896,695,56.32%,56.32%,-0.53%,-0.53,,,,,,,
Yellow,Exec,75-100,Calm,Survival,160,120,57.14%,57.14%,0.30%,0.30,,,,,,,
Green,Exec,0-25,Calm,Survival,1,0,100.00%,57.27%,0.43%,0.43,,,,,,,
Green,Exec,25-50,Calm,Survival,164,89,64.82%,64.82%,7.98%,7.98,,,,,,,
Green,Exec,50-75,Calm,Survival,317,251,55.81%,55.81%,-1.03%,-1.03,,,,,,,
Green,Exec,75-100,Calm,Survival,52,47,52.53%,54.70%,-2.15%,-2.15,,,,,,,
Purple,Exec,0-25,Calm,Survival,0,2,0.00%,55.73%,-1.11%,-1.11,,,,,,,
Purple,Exec,25-50,Calm,Survival,209,134,60.93%,60.93%,4.09%,4.09,,,,,,,
Purple,Exec,50-75,Calm,Survival,278,220,55.82%,55.82%,-1.02%,-1.02,,,,,,,
Purple,Exec,75-100,Calm,Survival,74,56,56.92%,56.92%,0.08%,0.08,,,,,,,
Red,Exec,0-25,Calm,Survival,1,0,100.00%,57.27%,0.43%,0.43,,,,,,,
Red,Exec,25-50,Calm,Survival,60,34,63.83%,60.23%,3.38%,3.38,,,,,,,
Red,Exec,50-75,Calm,Survival,76,59,56.30%,56.30%,-0.55%,-0.55,,,,,,,
Red,Exec,75-100,Calm,Survival,21,18,53.85%,56.00%,-0.84%,-0.84,,,,,,,
Brown,Exec,0-25,Calm,Survival,0,0,#DIV/0!,56.84%,0.00%,0.00,,,,,,,
Brown,Exec,25-50,Calm,Survival,0,0,#DIV/0!,56.84%,0.00%,0.00,,,,,,,
Brown,Exec,50-75,Calm,Survival,5,3,62.50%,57.26%,0.42%,0.42,,,,,,,
Pink,Exec,0-25,Calm,Closing,0,3,0.00%,55.45%,-1.66%,-1.66,,,,,,,
Pink,Exec,25-50,Calm,Closing,13,5,72.22%,59.42%,2.31%,2.31,,,,,,,
Pink,Exec,50-75,Calm,Closing,5,9,35.71%,54.48%,-2.63%,-2.63,,,,,,,
Pink,Exec,75-100,Calm,Closing,1,1,50.00%,56.97%,-0.14%,-0.14,,,,,,,
Orange,Exec,0-25,Calm,Closing,0,3,0.00%,55.45%,-1.66%,-1.66,,,,,,,
Orange,Exec,25-50,Calm,Closing,235,187,55.69%,55.69%,-1.42%,-1.42,,,,,,,
Orange,Exec,50-75,Calm,Closing,175,142,55.21%,55.21%,-1.91%,-1.91,,,,,,,
Orange,Exec,75-100,Calm,Closing,53,37,58.89%,57.95%,0.84%,0.84,,,,,,,
Blue,Exec,0-25,Calm,Closing,3,0,100.00%,58.36%,1.25%,1.25,,,,,,,
Blue,Exec,25-50,Calm,Closing,145,154,48.49%,48.49%,-8.62%,-8.62,,,,,,,
Blue,Exec,50-75,Calm,Closing,309,263,54.02%,54.02%,-3.09%,-3.09,,,,,,,
Blue,Exec,75-100,Calm,Closing,64,55,53.78%,53.78%,-3.33%,-3.33,,,,,,,
Yellow,Exec,0-25,Calm,Closing,4,1,80.00%,58.20%,1.09%,1.09,,,,,,,
Yellow,Exec,25-50,Calm,Closing,293,249,54.06%,54.06%,-3.05%,-3.05,,,,,,,
Yellow,Exec,50-75,Calm,Closing,618,401,60.65%,60.65%,3.54%,3.54,,,,,,,
Yellow,Exec,75-100,Calm,Closing,131,100,56.71%,56.71%,-0.40%,-0.40,,,,,,,
Green,Exec,0-25,Calm,Closing,0,0,#DIV/0!,57.11%,0.00%,0.00,,,,,,,
Green,Exec,25-50,Calm,Closing,87,65,57.24%,57.24%,0.13%,0.13,,,,,,,
Green,Exec,50-75,Calm,Closing,201,112,64.22%,64.22%,7.11%,7.11,,,,,,,
Green,Exec,75-100,Calm,Closing,36,19,65.45%,60.07%,2.96%,2.96,,,,,,,
Purple,Exec,0-25,Calm,Closing,1,0,100.00%,57.54%,0.42%,0.42,,,,,,,
Purple,Exec,25-50,Calm,Closing,131,63,67.53%,67.53%,10.41%,10.41,,,,,,,
Purple,Exec,50-75,Calm,Closing,212,169,55.64%,55.64%,-1.47%,-1.47,,,,,,,
Purple,Exec,75-100,Calm,Closing,49,21,70.00%,62.42%,5.31%,5.31,,,,,,,
Red,Exec,0-25,Calm,Closing,0,0,#DIV/0!,57.11%,0.00%,0.00,,,,,,,
Red,Exec,25-50,Calm,Closing,27,20,57.45%,57.22%,0.11%,0.11,,,,,,,
Red,Exec,50-75,Calm,Closing,20,41,32.79%,47.90%,-9.22%,-9.22,,,,,,,
Red,Exec,75-100,Calm,Closing,13,3,81.25%,60.44%,3.33%,3.33,,,,,,,
Brown,Exec,0-25,Calm,Closing,0,0,#DIV/0!,57.11%,0.00%,0.00,,,,,,,
Brown,Exec,25-50,Calm,Closing,3,2,60.00%,57.25%,0.14%,0.14,,,,,,,
Brown,Exec,50-75,Calm,Closing,2,1,66.67%,57.39%,0.28%,0.28,,,,,,,
Pink,Exec,0-25,Moderate,Open,0,2,0.00%,53.49%,-1.07%,-1.07,,,,,,,
Pink,Exec,25-50,Moderate,Open,10,6,62.50%,55.66%,1.09%,1.09,,,,,,,
Pink,Exec,50-75,Moderate,Open,2,1,66.67%,54.92%,0.35%,0.35,,,,,,,
Pink,Exec,75-100,Moderate,Open,0,0,#DIV/0!,54.56%,0.00%,0.00,,,,,,,
Orange,Exec,0-25,Moderate,Open,5,3,62.50%,55.15%,0.59%,0.59,,,,,,,
Orange,Exec,25-50,Moderate,Open,231,155,59.84%,59.84%,5.28%,5.28,,,,,,,
Orange,Exec,50-75,Moderate,Open,232,156,59.79%,59.79%,5.23%,5.23,,,,,,,
Orange,Exec,75-100,Moderate,Open,47,48,49.47%,52.08%,-2.48%,-2.48,,,,,,,
Blue,Exec,0-25,Moderate,Open,0,0,#DIV/0!,54.56%,0.00%,0.00,,,,,,,
Blue,Exec,25-50,Moderate,Open,179,170,51.29%,51.29%,-3.27%,-3.27,,,,,,,
Blue,Exec,50-75,Moderate,Open,320,272,54.05%,54.05%,-0.51%,-0.51,,,,,,,
Blue,Exec,75-100,Moderate,Open,54,39,58.06%,56.25%,1.69%,1.69,,,,,,,
Yellow,Exec,0-25,Moderate,Open,2,1,66.67%,54.92%,0.35%,0.35,,,,,,,
Yellow,Exec,25-50,Moderate,Open,262,262,50.00%,50.00%,-4.56%,-4.56,,,,,,,
Yellow,Exec,50-75,Moderate,Open,636,540,54.08%,54.08%,-0.48%,-0.48,,,,,,,
Yellow,Exec,75-100,Moderate,Open,139,90,60.70%,60.70%,6.13%,6.13,,,,,,,
Green,Exec,0-25,Moderate,Open,2,1,66.67%,54.92%,0.35%,0.35,,,,,,,
Green,Exec,25-50,Moderate,Open,80,102,43.96%,43.96%,-10.61%,-10.61,,,,,,,
Green,Exec,50-75,Moderate,Open,247,185,57.18%,57.18%,2.61%,2.61,,,,,,,
Green,Exec,75-100,Moderate,Open,26,34,43.33%,50.35%,-4.21%,-4.21,,,,,,,
Purple,Exec,0-25,Moderate,Open,0,0,#DIV/0!,54.56%,0.00%,0.00,,,,,,,
Purple,Exec,25-50,Moderate,Open,98,70,58.33%,58.33%,3.77%,3.77,,,,,,,
Purple,Exec,50-75,Moderate,Open,262,227,53.58%,53.58%,-0.99%,-0.99,,,,,,,
Purple,Exec,75-100,Moderate,Open,65,49,57.02%,57.02%,2.45%,2.45,,,,,,,
Red,Exec,0-25,Moderate,Open,0,0,#DIV/0!,54.56%,0.00%,0.00,,,,,,,
Red,Exec,25-50,Moderate,Open,19,16,54.29%,54.49%,-0.07%,-0.07,,,,,,,
Red,Exec,50-75,Moderate,Open,48,53,47.52%,47.52%,-7.04%,-7.04,,,,,,,
Red,Exec,75-100,Moderate,Open,10,2,83.33%,57.65%,3.08%,3.08,,,,,,,
Brown,Exec,0-25,Moderate,Open,0,0,#DIV/0!,54.56%,0.00%,0.00,,,,,,,
Brown,Exec,25-50,Moderate,Open,5,0,100.00%,56.73%,2.16%,2.16,,,,,,,
Brown,Exec,50-75,Moderate,Open,2,0,100.00%,55.45%,0.89%,0.89,,,,,,,
Brown,Exec,75-100,Moderate,Open,0,0,#DIV/0!,54.56%,0.00%,0.00,,,,,,,
Pink,Exec,0-25,Moderate,Positioning,0,0,#DIV/0!,44.12%,0.00%,0.00,,,,,,,
Pink,Exec,25-50,Moderate,Positioning,9,2,81.82%,47.85%,3.74%,3.74,,,,,,,
Pink,Exec,50-75,Moderate,Positioning,2,2,50.00%,44.35%,0.23%,0.23,,,,,,,
Pink,Exec,75-100,Moderate,Positioning,0,0,#DIV/0!,44.12%,0.00%,0.00,,,,,,,
Orange,Exec,0-25,Moderate,Positioning,0,8,0.00%,40.85%,-3.27%,-3.27,,,,,,,
Orange,Exec,25-50,Moderate,Positioning,94,95,49.74%,49.74%,5.62%,5.62,,,,,,,
Orange,Exec,50-75,Moderate,Positioning,73,71,50.69%,50.69%,6.58%,6.58,,,,,,,
Orange,Exec,75-100,Moderate,Positioning,2,11,15.38%,40.81%,-3.31%,-3.31,,,,,,,
Blue,Exec,0-25,Moderate,Positioning,0,2,0.00%,43.25%,-0.87%,-0.87,,,,,,,
Blue,Exec,25-50,Moderate,Positioning,68,116,36.96%,36.96%,-7.16%,-7.16,,,,,,,
Blue,Exec,50-75,Moderate,Positioning,123,152,44.73%,44.73%,0.61%,0.61,,,,,,,
Blue,Exec,75-100,Moderate,Positioning,12,22,35.29%,41.88%,-2.24%,-2.24,,,,,,,
Yellow,Exec,0-25,Moderate,Positioning,0,2,0.00%,43.25%,-0.87%,-0.87,,,,,,,
Yellow,Exec,25-50,Moderate,Positioning,88,141,38.43%,38.43%,-5.69%,-5.69,,,,,,,
Yellow,Exec,50-75,Moderate,Positioning,241,294,45.05%,45.05%,0.93%,0.93,,,,,,,
Yellow,Exec,75-100,Moderate,Positioning,55,61,47.41%,47.41%,3.29%,3.29,,,,,,,
Green,Exec,0-25,Moderate,Positioning,0,0,#DIV/0!,44.12%,0.00%,0.00,,,,,,,
Green,Exec,25-50,Moderate,Positioning,30,46,39.47%,42.11%,-2.01%,-2.01,,,,,,,
Green,Exec,50-75,Moderate,Positioning,92,89,50.83%,50.83%,6.71%,6.71,,,,,,,
Green,Exec,75-100,Moderate,Positioning,17,26,39.53%,42.74%,-1.38%,-1.38,,,,,,,
Purple,Exec,0-25,Moderate,Positioning,0,0,#DIV/0!,44.12%,0.00%,0.00,,,,,,,
Purple,Exec,25-50,Moderate,Positioning,46,47,49.46%,46.69%,2.57%,2.57,,,,,,,
Purple,Exec,50-75,Moderate,Positioning,97,146,39.92%,39.92%,-4.20%,-4.20,,,,,,,
Purple,Exec,75-100,Moderate,Positioning,22,23,48.89%,45.60%,1.48%,1.48,,,,,,,
Red,Exec,0-25,Moderate,Positioning,0,0,#DIV/0!,44.12%,0.00%,0.00,,,,,,,
Red,Exec,25-50,Moderate,Positioning,9,19,32.14%,41.50%,-2.62%,-2.62,,,,,,,
Red,Exec,50-75,Moderate,Positioning,18,14,56.25%,47.06%,2.94%,2.94,,,,,,,
Red,Exec,75-100,Moderate,Positioning,0,2,0.00%,43.25%,-0.87%,-0.87,,,,,,,
Brown,Exec,0-25,Moderate,Positioning,0,0,#DIV/0!,44.12%,0.00%,0.00,,,,,,,
Brown,Exec,25-50,Moderate,Positioning,0,1,0.00%,43.68%,-0.44%,-0.44,,,,,,,
Brown,Exec,50-75,Moderate,Positioning,1,0,100.00%,44.67%,0.55%,0.55,,,,,,,
Brown,Exec,75-100,Moderate,Positioning,0,0,#DIV/0!,44.12%,0.00%,0.00,,,,,,,
Pink,Exec,0-25,Moderate,Survival,0,1,0.00%,51.89%,-0.52%,-0.52,,,,,,,
Pink,Exec,25-50,Moderate,Survival,16,11,59.26%,53.86%,1.46%,1.46,,,,,,,
Pink,Exec,50-75,Moderate,Survival,6,4,60.00%,53.10%,0.69%,0.69,,,,,,,
Pink,Exec,75-100,Moderate,Survival,1,0,100.00%,52.88%,0.47%,0.47,,,,,,,
Orange,Exec,0-25,Moderate,Survival,4,2,66.67%,53.22%,0.81%,0.81,,,,,,,
Orange,Exec,25-50,Moderate,Survival,210,184,53.30%,53.30%,0.89%,0.89,,,,,,,
Orange,Exec,50-75,Moderate,Survival,190,227,45.56%,45.56%,-6.84%,-6.84,,,,,,,
Orange,Exec,75-100,Moderate,Survival,35,46,43.21%,48.29%,-4.12%,-4.12,,,,,,,
Blue,Exec,0-25,Moderate,Survival,0,1,0.00%,51.89%,-0.52%,-0.52,,,,,,,
Blue,Exec,25-50,Moderate,Survival,207,145,58.81%,58.81%,6.40%,6.40,,,,,,,
Blue,Exec,50-75,Moderate,Survival,353,335,51.31%,51.31%,-1.10%,-1.10,,,,,,,
Blue,Exec,75-100,Moderate,Survival,41,35,53.95%,53.07%,0.66%,0.66,,,,,,,
Yellow,Exec,0-25,Moderate,Survival,2,2,50.00%,52.32%,-0.09%,-0.09,,,,,,,
Yellow,Exec,25-50,Moderate,Survival,230,212,52.04%,52.04%,-0.37%,-0.37,,,,,,,
Yellow,Exec,50-75,Moderate,Survival,707,648,52.18%,52.18%,-0.23%,-0.23,,,,,,,
Yellow,Exec,75-100,Moderate,Survival,104,136,43.33%,43.33%,-9.08%,-9.08,,,,,,,
Green,Exec,0-25,Moderate,Survival,0,0,#DIV/0!,52.41%,0.00%,0.00,,,,,,,
Green,Exec,25-50,Moderate,Survival,85,72,54.14%,54.14%,1.73%,1.73,,,,,,,
Green,Exec,50-75,Moderate,Survival,205,170,54.67%,54.67%,2.26%,2.26,,,,,,,
Green,Exec,75-100,Moderate,Survival,26,18,59.09%,54.45%,2.04%,2.04,,,,,,,
Purple,Exec,0-25,Moderate,Survival,2,0,100.00%,53.34%,0.93%,0.93,,,,,,,
Purple,Exec,25-50,Moderate,Survival,77,50,60.63%,60.63%,8.22%,8.22,,,,,,,
Purple,Exec,50-75,Moderate,Survival,207,151,57.82%,57.82%,5.41%,5.41,,,,,,,
Purple,Exec,75-100,Moderate,Survival,44,36,55.00%,53.56%,1.15%,1.15,,,,,,,
Red,Exec,0-25,Moderate,Survival,0,1,0.00%,51.89%,-0.52%,-0.52,,,,,,,
Red,Exec,25-50,Moderate,Survival,15,16,48.39%,51.46%,-0.95%,-0.95,,,,,,,
Red,Exec,50-75,Moderate,Survival,46,51,47.42%,49.95%,-2.45%,-2.45,,,,,,,
Red,Exec,75-100,Moderate,Survival,0,0,#DIV/0!,52.41%,0.00%,0.00,,,,,,,
Brown,Exec,0-25,Moderate,Survival,0,0,#DIV/0!,52.41%,0.00%,0.00,,,,,,,
Brown,Exec,25-50,Moderate,Survival,1,0,100.00%,52.88%,0.47%,0.47,,,,,,,
Brown,Exec,50-75,Moderate,Survival,4,5,44.44%,51.75%,-0.66%,-0.66,,,,,,,
Pink,Exec,0-25,Moderate,Closing,0,4,0.00%,45.15%,-1.81%,-1.81,,,,,,,
Pink,Exec,25-50,Moderate,Closing,7,5,58.33%,48.17%,1.22%,1.22,,,,,,,
Pink,Exec,50-75,Moderate,Closing,1,0,100.00%,47.48%,0.53%,0.53,,,,,,,
Pink,Exec,75-100,Moderate,Closing,0,0,#DIV/0!,46.95%,0.00%,0.00,,,,,,,
Orange,Exec,0-25,Moderate,Closing,9,2,81.82%,50.41%,3.46%,3.46,,,,,,,
Orange,Exec,25-50,Moderate,Closing,104,73,58.76%,58.76%,11.80%,11.80,,,,,,,
Orange,Exec,50-75,Moderate,Closing,88,93,48.62%,48.62%,1.67%,1.67,,,,,,,
Orange,Exec,75-100,Moderate,Closing,6,3,66.67%,48.58%,1.63%,1.63,,,,,,,
Blue,Exec,0-25,Moderate,Closing,1,0,100.00%,47.48%,0.53%,0.53,,,,,,,
Blue,Exec,25-50,Moderate,Closing,111,131,45.87%,45.87%,-1.09%,-1.09,,,,,,,
Blue,Exec,50-75,Moderate,Closing,141,166,45.93%,45.93%,-1.03%,-1.03,,,,,,,
Blue,Exec,75-100,Moderate,Closing,29,31,48.33%,47.47%,0.52%,0.52,,,,,,,
Yellow,Exec,0-25,Moderate,Closing,3,2,60.00%,47.58%,0.62%,0.62,,,,,,,
Yellow,Exec,25-50,Moderate,Closing,140,172,44.87%,44.87%,-2.08%,-2.08,,,,,,,
Yellow,Exec,50-75,Moderate,Closing,296,367,44.65%,44.65%,-2.31%,-2.31,,,,,,,
Yellow,Exec,75-100,Moderate,Closing,47,84,35.88%,35.88%,-11.08%,-11.08,,,,,,,
Green,Exec,0-25,Moderate,Closing,1,1,50.00%,47.01%,0.06%,0.06,,,,,,,
Green,Exec,25-50,Moderate,Closing,37,41,47.44%,47.17%,0.21%,0.21,,,,,,,
Green,Exec,50-75,Moderate,Closing,96,95,50.26%,50.26%,3.31%,3.31,,,,,,,
Green,Exec,75-100,Moderate,Closing,16,19,45.71%,46.63%,-0.32%,-0.32,,,,,,,
Purple,Exec,0-25,Moderate,Closing,0,0,#DIV/0!,46.95%,0.00%,0.00,,,,,,,
Purple,Exec,25-50,Moderate,Closing,52,57,47.71%,47.71%,0.75%,0.75,,,,,,,
Purple,Exec,50-75,Moderate,Closing,110,98,52.88%,52.88%,5.93%,5.93,,,,,,,
Purple,Exec,75-100,Moderate,Closing,6,20,23.08%,42.03%,-4.93%,-4.93,,,,,,,
Red,Exec,0-25,Moderate,Closing,1,0,100.00%,47.48%,0.53%,0.53,,,,,,,
Red,Exec,25-50,Moderate,Closing,12,17,41.38%,45.70%,-1.25%,-1.25,,,,,,,
Red,Exec,50-75,Moderate,Closing,18,30,37.50%,43.89%,-3.07%,-3.07,,,,,,,
Red,Exec,75-100,Moderate,Closing,7,2,77.78%,49.50%,2.55%,2.55,,,,,,,
Brown,Exec,0-25,Moderate,Closing,0,0,#DIV/0!,46.95%,0.00%,0.00,,,,,,,
Brown,Exec,25-50,Moderate,Closing,0,2,0.00%,46.03%,-0.92%,-0.92,,,,,,,
Brown,Exec,50-75,Moderate,Closing,2,0,100.00%,47.99%,1.04%,1.04,,,,,,,
Brown,Exec,75-100,Moderate,Closing,0,0,#DIV/0!,46.95%,0.00%,0.00,,,,,,,
Pink,Upside,0-25,Calm,Open,0,0,#DIV/0!,60.99%,0.00%,0.00,,,,,,,
Pink,Upside,25-50,Calm,Open,4,1,80.00%,61.90%,0.91%,0.91,,,,,,,
Pink,Upside,50-75,Calm,Open,21,15,58.33%,60.29%,-0.70%,-0.70,,,,,,,
Pink,Upside,75-100,Calm,Open,19,6,76.00%,63.99%,3.00%,3.00,,,,,,,
Orange,Upside,0-25,Calm,Open,0,0,#DIV/0!,60.99%,0.00%,0.00,,,,,,,
Orange,Upside,25-50,Calm,Open,39,21,65.00%,62.50%,1.50%,1.50,,,,,,,
Orange,Upside,50-75,Calm,Open,478,302,61.28%,61.28%,0.29%,0.29,,,,,,,
Orange,Upside,75-100,Calm,Open,262,147,64.06%,64.06%,3.07%,3.07,,,,,,,
Blue,Upside,0-25,Calm,Open,0,0,#DIV/0!,60.99%,0.00%,0.00,,,,,,,
Blue,Upside,25-50,Calm,Open,44,38,53.66%,57.69%,-3.30%,-3.30,,,,,,,
Blue,Upside,50-75,Calm,Open,654,385,62.95%,62.95%,1.95%,1.95,,,,,,,
Blue,Upside,75-100,Calm,Open,345,266,56.46%,56.46%,-4.53%,-4.53,,,,,,,
Yellow,Upside,0-25,Calm,Open,0,0,#DIV/0!,60.99%,0.00%,0.00,,,,,,,
Yellow,Upside,25-50,Calm,Open,106,44,70.67%,70.67%,9.67%,9.67,,,,,,,
Yellow,Upside,50-75,Calm,Open,1323,829,61.48%,61.48%,0.48%,0.48,,,,,,,
Yellow,Upside,75-100,Calm,Open,624,387,61.72%,61.72%,0.73%,0.73,,,,,,,
Green,Upside,0-25,Calm,Open,0,0,#DIV/0!,60.99%,0.00%,0.00,,,,,,,
Green,Upside,25-50,Calm,Open,27,10,72.97%,64.23%,3.24%,3.24,,,,,,,
Green,Upside,50-75,Calm,Open,458,313,59.40%,59.40%,-1.59%,-1.59,,,,,,,
Green,Upside,75-100,Calm,Open,163,114,58.84%,58.84%,-2.15%,-2.15,,,,,,,
Purple,Upside,0-25,Calm,Open,0,0,#DIV/0!,60.99%,0.00%,0.00,,,,,,,
Purple,Upside,25-50,Calm,Open,36,24,60.00%,60.62%,-0.37%,-0.37,,,,,,,
Purple,Upside,50-75,Calm,Open,550,388,58.64%,58.64%,-2.36%,-2.36,,,,,,,
Purple,Upside,75-100,Calm,Open,171,102,62.64%,62.64%,1.64%,1.64,,,,,,,
Red,Upside,0-25,Calm,Open,0,0,#DIV/0!,60.99%,0.00%,0.00,,,,,,,
Red,Upside,25-50,Calm,Open,1,2,33.33%,60.19%,-0.81%,-0.81,,,,,,,
Red,Upside,50-75,Calm,Open,101,80,55.80%,55.80%,-5.19%,-5.19,,,,,,,
Red,Upside,75-100,Calm,Open,35,17,67.31%,63.15%,2.16%,2.16,,,,,,,
Brown,Upside,0-25,Calm,Open,0,0,#DIV/0!,60.99%,0.00%,0.00,,,,,,,
Brown,Upside,25-50,Calm,Open,0,0,#DIV/0!,60.99%,0.00%,0.00,,,,,,,
Brown,Upside,50-75,Calm,Open,3,4,42.86%,59.81%,-1.19%,-1.19,,,,,,,
Brown,Upside,75-100,Calm,Open,4,2,66.67%,61.31%,0.32%,0.32,,,,,,,
Pink,Upside,0-25,Calm,Positioning,0,0,#DIV/0!,55.04%,0.00%,0.00,,,,,,,
Pink,Upside,25-50,Calm,Positioning,5,1,83.33%,56.64%,1.60%,1.60,,,,,,,
Pink,Upside,50-75,Calm,Positioning,9,14,39.13%,52.06%,-2.97%,-2.97,,,,,,,
Pink,Upside,75-100,Calm,Positioning,2,2,50.00%,54.84%,-0.19%,-0.19,,,,,,,
Orange,Upside,0-25,Calm,Positioning,0,0,#DIV/0!,55.04%,0.00%,0.00,,,,,,,
Orange,Upside,25-50,Calm,Positioning,25,26,49.02%,53.00%,-2.03%,-2.03,,,,,,,
Orange,Upside,50-75,Calm,Positioning,264,228,53.66%,53.66%,-1.38%,-1.38,,,,,,,
Orange,Upside,75-100,Calm,Positioning,136,109,55.51%,55.51%,0.47%,0.47,,,,,,,
Blue,Upside,0-25,Calm,Positioning,0,0,#DIV/0!,55.04%,0.00%,0.00,,,,,,,
Blue,Upside,25-50,Calm,Positioning,27,35,43.55%,50.64%,-4.40%,-4.40,,,,,,,
Blue,Upside,50-75,Calm,Positioning,328,236,58.16%,58.16%,3.12%,3.12,,,,,,,
Blue,Upside,75-100,Calm,Positioning,209,151,58.06%,58.06%,3.02%,3.02,,,,,,,
Yellow,Upside,0-25,Calm,Positioning,0,0,#DIV/0!,55.04%,0.00%,0.00,,,,,,,
Yellow,Upside,25-50,Calm,Positioning,74,60,55.22%,55.22%,0.19%,0.19,,,,,,,
Yellow,Upside,50-75,Calm,Positioning,644,474,57.60%,57.60%,2.57%,2.57,,,,,,,
Yellow,Upside,75-100,Calm,Positioning,308,291,51.42%,51.42%,-3.62%,-3.62,,,,,,,
Green,Upside,0-25,Calm,Positioning,0,0,#DIV/0!,55.04%,0.00%,0.00,,,,,,,
Green,Upside,25-50,Calm,Positioning,18,20,47.37%,52.92%,-2.11%,-2.11,,,,,,,
Green,Upside,50-75,Calm,Positioning,217,177,55.08%,55.08%,0.04%,0.04,,,,,,,
Green,Upside,75-100,Calm,Positioning,96,75,56.14%,56.14%,1.10%,1.10,,,,,,,
Purple,Upside,0-25,Calm,Positioning,0,0,#DIV/0!,55.04%,0.00%,0.00,,,,,,,
Purple,Upside,25-50,Calm,Positioning,24,23,51.06%,53.77%,-1.27%,-1.27,,,,,,,
Purple,Upside,50-75,Calm,Positioning,252,222,53.16%,53.16%,-1.87%,-1.87,,,,,,,
Purple,Upside,75-100,Calm,Positioning,107,84,56.02%,56.02%,0.98%,0.98,,,,,,,
Red,Upside,0-25,Calm,Positioning,0,0,#DIV/0!,55.04%,0.00%,0.00,,,,,,,
Red,Upside,25-50,Calm,Positioning,0,4,0.00%,52.92%,-2.12%,-2.12,,,,,,,
Red,Upside,50-75,Calm,Positioning,54,56,49.09%,49.09%,-5.95%,-5.95,,,,,,,
Red,Upside,75-100,Calm,Positioning,22,16,57.89%,55.82%,0.79%,0.79,,,,,,,
Brown,Upside,0-25,Calm,Positioning,0,0,#DIV/0!,55.04%,0.00%,0.00,,,,,,,
Brown,Upside,25-50,Calm,Positioning,2,2,50.00%,54.84%,-0.19%,-0.19,,,,,,,
Brown,Upside,50-75,Calm,Positioning,2,0,100.00%,55.92%,0.88%,0.88,,,,,,,
Brown,Upside,75-100,Calm,Positioning,0,2,0.00%,53.96%,-1.08%,-1.08,,,,,,,
Pink,Upside,0-25,Calm,Survival,0,0,#DIV/0!,56.84%,0.00%,0.00,,,,,,,
Pink,Upside,25-50,Calm,Survival,0,0,#DIV/0!,56.84%,0.00%,0.00,,,,,,,
Pink,Upside,50-75,Calm,Survival,11,5,68.75%,58.49%,1.64%,1.64,,,,,,,
Pink,Upside,75-100,Calm,Survival,2,2,50.00%,56.58%,-0.26%,-0.26,,,,,,,
Orange,Upside,0-25,Calm,Survival,0,0,#DIV/0!,56.84%,0.00%,0.00,,,,,,,
Orange,Upside,25-50,Calm,Survival,27,32,45.76%,52.73%,-4.11%,-4.11,,,,,,,
Orange,Upside,50-75,Calm,Survival,308,239,56.31%,56.31%,-0.54%,-0.54,,,,,,,
Orange,Upside,75-100,Calm,Survival,203,136,59.88%,59.88%,3.04%,3.04,,,,,,,
Blue,Upside,0-25,Calm,Survival,0,0,#DIV/0!,56.84%,0.00%,0.00,,,,,,,
Blue,Upside,25-50,Calm,Survival,40,40,50.00%,53.80%,-3.04%,-3.04,,,,,,,
Blue,Upside,50-75,Calm,Survival,443,354,55.58%,55.58%,-1.26%,-1.26,,,,,,,
Blue,Upside,75-100,Calm,Survival,276,226,54.98%,54.98%,-1.86%,-1.86,,,,,,,
Yellow,Upside,0-25,Calm,Survival,0,0,#DIV/0!,56.84%,0.00%,0.00,,,,,,,
Yellow,Upside,25-50,Calm,Survival,92,49,65.25%,65.25%,8.40%,8.40,,,,,,,
Yellow,Upside,50-75,Calm,Survival,885,700,55.84%,55.84%,-1.01%,-1.01,,,,,,,
Yellow,Upside,75-100,Calm,Survival,504,378,57.14%,57.14%,0.30%,0.30,,,,,,,
Green,Upside,0-25,Calm,Survival,0,0,#DIV/0!,56.84%,0.00%,0.00,,,,,,,
Green,Upside,25-50,Calm,Survival,27,22,55.10%,56.27%,-0.57%,-0.57,,,,,,,
Green,Upside,50-75,Calm,Survival,359,280,56.18%,56.18%,-0.66%,-0.66,,,,,,,
Green,Upside,75-100,Calm,Survival,148,85,63.52%,63.52%,6.68%,6.68,,,,,,,
Purple,Upside,0-25,Calm,Survival,0,0,#DIV/0!,56.84%,0.00%,0.00,,,,,,,
Purple,Upside,25-50,Calm,Survival,34,27,55.74%,56.42%,-0.42%,-0.42,,,,,,,
Purple,Upside,50-75,Calm,Survival,372,254,59.42%,59.42%,2.58%,2.58,,,,,,,
Purple,Upside,75-100,Calm,Survival,155,131,54.20%,54.20%,-2.65%,-2.65,,,,,,,
Red,Upside,0-25,Calm,Survival,0,0,#DIV/0!,56.84%,0.00%,0.00,,,,,,,
Red,Upside,25-50,Calm,Survival,3,5,37.50%,55.41%,-1.43%,-1.43,,,,,,,
Red,Upside,50-75,Calm,Survival,119,82,59.20%,59.20%,2.36%,2.36,,,,,,,
Red,Upside,75-100,Calm,Survival,36,24,60.00%,58.03%,1.18%,1.18,,,,,,,
Brown,Upside,0-25,Calm,Survival,0,0,#DIV/0!,56.84%,0.00%,0.00,,,,,,,
Brown,Upside,25-50,Calm,Survival,0,0,#DIV/0!,56.84%,0.00%,0.00,,,,,,,
Brown,Upside,50-75,Calm,Survival,5,3,62.50%,57.26%,0.42%,0.42,,,,,,,
Pink,Upside,0-25,Calm,Closing,0,0,#DIV/0!,57.11%,0.00%,0.00,,,,,,,
Pink,Upside,25-50,Calm,Closing,0,3,0.00%,55.45%,-1.66%,-1.66,,,,,,,
Pink,Upside,50-75,Calm,Closing,17,12,58.62%,57.45%,0.34%,0.34,,,,,,,
Pink,Upside,75-100,Calm,Closing,2,3,40.00%,56.30%,-0.81%,-0.81,,,,,,,
Orange,Upside,0-25,Calm,Closing,0,0,#DIV/0!,57.11%,0.00%,0.00,,,,,,,
Orange,Upside,25-50,Calm,Closing,21,25,45.65%,53.50%,-3.61%,-3.61,,,,,,,
Orange,Upside,50-75,Calm,Closing,273,223,55.04%,55.04%,-2.07%,-2.07,,,,,,,
Orange,Upside,75-100,Calm,Closing,169,121,58.28%,58.28%,1.16%,1.16,,,,,,,
Blue,Upside,0-25,Calm,Closing,0,0,#DIV/0!,57.11%,0.00%,0.00,,,,,,,
Blue,Upside,25-50,Calm,Closing,47,22,68.12%,61.60%,4.49%,4.49,,,,,,,
Blue,Upside,50-75,Calm,Closing,306,274,52.76%,52.76%,-4.35%,-4.35,,,,,,,
Blue,Upside,75-100,Calm,Closing,168,176,48.84%,48.84%,-8.27%,-8.27,,,,,,,
Yellow,Upside,0-25,Calm,Closing,0,0,#DIV/0!,57.11%,0.00%,0.00,,,,,,,
Yellow,Upside,25-50,Calm,Closing,91,60,60.26%,60.26%,3.15%,3.15,,,,,,,
Yellow,Upside,50-75,Calm,Closing,629,441,58.79%,58.79%,1.67%,1.67,,,,,,,
Yellow,Upside,75-100,Calm,Closing,326,250,56.60%,56.60%,-0.51%,-0.51,,,,,,,
Green,Upside,0-25,Calm,Closing,0,0,#DIV/0!,57.11%,0.00%,0.00,,,,,,,
Green,Upside,25-50,Calm,Closing,11,25,30.56%,50.08%,-7.03%,-7.03,,,,,,,
Green,Upside,50-75,Calm,Closing,214,128,62.57%,62.57%,5.46%,5.46,,,,,,,
Green,Upside,75-100,Calm,Closing,99,43,69.72%,69.72%,12.61%,12.61,,,,,,,
Purple,Upside,0-25,Calm,Closing,0,0,#DIV/0!,57.11%,0.00%,0.00,,,,,,,
Purple,Upside,25-50,Calm,Closing,17,5,77.27%,60.75%,3.64%,3.64,,,,,,,
Purple,Upside,50-75,Calm,Closing,290,185,61.05%,61.05%,3.94%,3.94,,,,,,,
Purple,Upside,75-100,Calm,Closing,86,63,57.72%,57.72%,0.61%,0.61,,,,,,,
Red,Upside,0-25,Calm,Closing,0,0,#DIV/0!,57.11%,0.00%,0.00,,,,,,,
Red,Upside,25-50,Calm,Closing,0,0,#DIV/0!,57.11%,0.00%,0.00,,,,,,,
Red,Upside,50-75,Calm,Closing,35,52,40.23%,49.26%,-7.85%,-7.85,,,,,,,
Red,Upside,75-100,Calm,Closing,25,12,67.57%,59.94%,2.82%,2.82,,,,,,,
Brown,Upside,0-25,Calm,Closing,0,0,#DIV/0!,57.11%,0.00%,0.00,,,,,,,
Brown,Upside,25-50,Calm,Closing,0,0,#DIV/0!,57.11%,0.00%,0.00,,,,,,,
Brown,Upside,50-75,Calm,Closing,5,3,62.50%,57.51%,0.40%,0.40,,,,,,,
Pink,Upside,0-25,Moderate,Open,0,0,#DIV/0!,54.56%,0.00%,0.00,,,,,,,
Pink,Upside,25-50,Moderate,Open,1,0,100.00%,55.01%,0.45%,0.45,,,,,,,
Pink,Upside,50-75,Moderate,Open,10,8,55.56%,54.72%,0.15%,0.15,,,,,,,
Pink,Upside,75-100,Moderate,Open,1,1,50.00%,54.47%,-0.09%,-0.09,,,,,,,
Orange,Upside,0-25,Moderate,Open,0,0,#DIV/0!,54.56%,0.00%,0.00,,,,,,,
Orange,Upside,25-50,Moderate,Open,41,36,53.25%,53.99%,-0.57%,-0.57,,,,,,,
Orange,Upside,50-75,Moderate,Open,290,215,57.43%,57.43%,2.86%,2.86,,,,,,,
Orange,Upside,75-100,Moderate,Open,184,111,62.37%,62.37%,7.81%,7.81,,,,,,,
Blue,Upside,0-25,Moderate,Open,0,0,#DIV/0!,54.56%,0.00%,0.00,,,,,,,
Blue,Upside,25-50,Moderate,Open,21,33,38.89%,49.07%,-5.50%,-5.50,,,,,,,
Blue,Upside,50-75,Moderate,Open,314,247,55.97%,55.97%,1.41%,1.41,,,,,,,
Blue,Upside,75-100,Moderate,Open,218,201,52.03%,52.03%,-2.54%,-2.54,,,,,,,
Yellow,Upside,0-25,Moderate,Open,0,0,#DIV/0!,54.56%,0.00%,0.00,,,,,,,
Yellow,Upside,25-50,Moderate,Open,39,50,43.82%,49.50%,-5.06%,-5.06,,,,,,,
Yellow,Upside,50-75,Moderate,Open,644,558,53.58%,53.58%,-0.99%,-0.99,,,,,,,
Yellow,Upside,75-100,Moderate,Open,356,285,55.54%,55.54%,0.97%,0.97,,,,,,,
Green,Upside,0-25,Moderate,Open,0,0,#DIV/0!,54.56%,0.00%,0.00,,,,,,,
Green,Upside,25-50,Moderate,Open,13,23,36.11%,49.68%,-4.88%,-4.88,,,,,,,
Green,Upside,50-75,Moderate,Open,257,223,53.54%,53.54%,-1.02%,-1.02,,,,,,,
Green,Upside,75-100,Moderate,Open,85,76,52.80%,52.80%,-1.77%,-1.77,,,,,,,
Purple,Upside,0-25,Moderate,Open,0,0,#DIV/0!,54.56%,0.00%,0.00,,,,,,,
Purple,Upside,25-50,Moderate,Open,21,16,56.76%,55.16%,0.59%,0.59,,,,,,,
Purple,Upside,50-75,Moderate,Open,310,225,57.94%,57.94%,3.38%,3.38,,,,,,,
Purple,Upside,75-100,Moderate,Open,94,105,47.24%,47.24%,-7.33%,-7.33,,,,,,,
Red,Upside,0-25,Moderate,Open,0,0,#DIV/0!,54.56%,0.00%,0.00,,,,,,,
Red,Upside,25-50,Moderate,Open,0,0,#DIV/0!,54.56%,0.00%,0.00,,,,,,,
Red,Upside,50-75,Moderate,Open,63,54,53.85%,53.85%,-0.72%,-0.72,,,,,,,
Red,Upside,75-100,Moderate,Open,14,17,45.16%,52.34%,-2.23%,-2.23,,,,,,,
Brown,Upside,0-25,Moderate,Open,0,0,#DIV/0!,54.56%,0.00%,0.00,,,,,,,
Brown,Upside,25-50,Moderate,Open,0,0,#DIV/0!,54.56%,0.00%,0.00,,,,,,,
Brown,Upside,50-75,Moderate,Open,7,0,100.00%,57.54%,2.97%,2.97,,,,,,,
Brown,Upside,75-100,Moderate,Open,0,0,#DIV/0!,54.56%,0.00%,0.00,,,,,,,
Pink,Upside,0-25,Moderate,Positioning,0,0,#DIV/0!,44.12%,0.00%,0.00,,,,,,,
Pink,Upside,25-50,Moderate,Positioning,0,0,#DIV/0!,44.12%,0.00%,0.00,,,,,,,
Pink,Upside,50-75,Moderate,Positioning,7,3,70.00%,46.47%,2.35%,2.35,,,,,,,
Pink,Upside,75-100,Moderate,Positioning,4,1,80.00%,45.83%,1.71%,1.71,,,,,,,
Orange,Upside,0-25,Moderate,Positioning,0,0,#DIV/0!,44.12%,0.00%,0.00,,,,,,,
Orange,Upside,25-50,Moderate,Positioning,22,21,51.16%,46.24%,2.12%,2.12,,,,,,,
Orange,Upside,50-75,Moderate,Positioning,80,97,45.20%,45.20%,1.08%,1.08,,,,,,,
Orange,Upside,75-100,Moderate,Positioning,67,67,50.00%,50.00%,5.88%,5.88,,,,,,,
Blue,Upside,0-25,Moderate,Positioning,0,0,#DIV/0!,44.12%,0.00%,0.00,,,,,,,
Blue,Upside,25-50,Moderate,Positioning,20,29,40.82%,43.03%,-1.09%,-1.09,,,,,,,
Blue,Upside,50-75,Moderate,Positioning,115,154,42.75%,42.75%,-1.37%,-1.37,,,,,,,
Blue,Upside,75-100,Moderate,Positioning,68,109,38.42%,38.42%,-5.70%,-5.70,,,,,,,
Yellow,Upside,0-25,Moderate,Positioning,0,0,#DIV/0!,44.12%,0.00%,0.00,,,,,,,
Yellow,Upside,25-50,Moderate,Positioning,27,33,45.00%,44.45%,0.33%,0.33,,,,,,,
Yellow,Upside,50-75,Moderate,Positioning,232,302,43.45%,43.45%,-0.67%,-0.67,,,,,,,
Yellow,Upside,75-100,Moderate,Positioning,125,163,43.40%,43.40%,-0.72%,-0.72,,,,,,,
Green,Upside,0-25,Moderate,Positioning,0,0,#DIV/0!,44.12%,0.00%,0.00,,,,,,,
Green,Upside,25-50,Moderate,Positioning,10,11,47.62%,44.73%,0.61%,0.61,,,,,,,
Green,Upside,50-75,Moderate,Positioning,103,100,50.74%,50.74%,6.62%,6.62,,,,,,,
Green,Upside,75-100,Moderate,Positioning,26,50,34.21%,39.84%,-4.28%,-4.28,,,,,,,
Purple,Upside,0-25,Moderate,Positioning,0,0,#DIV/0!,44.12%,0.00%,0.00,,,,,,,
Purple,Upside,25-50,Moderate,Positioning,1,4,20.00%,42.97%,-1.15%,-1.15,,,,,,,
Purple,Upside,50-75,Moderate,Positioning,124,164,43.06%,43.06%,-1.06%,-1.06,,,,,,,
Purple,Upside,75-100,Moderate,Positioning,40,48,45.45%,44.74%,0.63%,0.63,,,,,,,
Red,Upside,0-25,Moderate,Positioning,0,0,#DIV/0!,44.12%,0.00%,0.00,,,,,,,
Red,Upside,25-50,Moderate,Positioning,0,1,0.00%,43.68%,-0.44%,-0.44,,,,,,,
Red,Upside,50-75,Moderate,Positioning,23,19,54.76%,47.27%,3.15%,3.15,,,,,,,
Red,Upside,75-100,Moderate,Positioning,4,15,21.05%,40.44%,-3.68%,-3.68,,,,,,,
Brown,Upside,0-25,Moderate,Positioning,0,0,#DIV/0!,44.12%,0.00%,0.00,,,,,,,
Brown,Upside,25-50,Moderate,Positioning,0,0,#DIV/0!,44.12%,0.00%,0.00,,,,,,,
Brown,Upside,50-75,Moderate,Positioning,1,1,50.00%,44.23%,0.12%,0.12,,,,,,,
Brown,Upside,75-100,Moderate,Positioning,0,0,#DIV/0!,44.12%,0.00%,0.00,,,,,,,
Pink,Upside,0-25,Moderate,Survival,0,0,#DIV/0!,52.39%,0.00%,0.00,,,,,,,
Pink,Upside,25-50,Moderate,Survival,2,1,66.67%,52.81%,0.42%,0.42,,,,,,,
Pink,Upside,50-75,Moderate,Survival,15,12,55.56%,53.06%,0.67%,0.67,,,,,,,
Pink,Upside,75-100,Moderate,Survival,6,3,66.67%,53.57%,1.18%,1.18,,,,,,,
Orange,Upside,0-25,Moderate,Survival,0,0,#DIV/0!,52.39%,0.00%,0.00,,,,,,,
Orange,Upside,25-50,Moderate,Survival,20,31,39.22%,47.94%,-4.45%,-4.45,,,,,,,
Orange,Upside,50-75,Moderate,Survival,269,266,50.28%,50.28%,-2.11%,-2.11,,,,,,,
Orange,Upside,75-100,Moderate,Survival,150,162,48.08%,48.08%,-4.32%,-4.32,,,,,,,
Blue,Upside,0-25,Moderate,Survival,0,0,#DIV/0!,52.39%,0.00%,0.00,,,,,,,
Blue,Upside,25-50,Moderate,Survival,52,46,53.06%,52.72%,0.33%,0.33,,,,,,,
Blue,Upside,50-75,Moderate,Survival,379,325,53.84%,53.84%,1.44%,1.44,,,,,,,
Blue,Upside,75-100,Moderate,Survival,170,145,53.97%,53.97%,1.58%,1.58,,,,,,,
Yellow,Upside,0-25,Moderate,Survival,0,0,#DIV/0!,52.39%,0.00%,0.00,,,,,,,
Yellow,Upside,25-50,Moderate,Survival,98,100,49.49%,49.49%,-2.90%,-2.90,,,,,,,
Yellow,Upside,50-75,Moderate,Survival,685,659,50.97%,50.97%,-1.43%,-1.43,,,,,,,
Yellow,Upside,75-100,Moderate,Survival,260,239,52.10%,52.10%,-0.29%,-0.29,,,,,,,
Green,Upside,0-25,Moderate,Survival,0,0,#DIV/0!,52.39%,0.00%,0.00,,,,,,,
Green,Upside,25-50,Moderate,Survival,16,13,55.17%,53.02%,0.62%,0.62,,,,,,,
Green,Upside,50-75,Moderate,Survival,213,177,54.62%,54.62%,2.22%,2.22,,,,,,,
Green,Upside,75-100,Moderate,Survival,87,70,55.41%,55.41%,3.02%,3.02,,,,,,,
Purple,Upside,0-25,Moderate,Survival,0,0,#DIV/0!,52.39%,0.00%,0.00,,,,,,,
Purple,Upside,25-50,Moderate,Survival,7,5,58.33%,53.03%,0.64%,0.64,,,,,,,
Purple,Upside,50-75,Moderate,Survival,225,166,57.54%,57.54%,5.15%,5.15,,,,,,,
Purple,Upside,75-100,Moderate,Survival,98,66,59.76%,59.76%,7.36%,7.36,,,,,,,
Red,Upside,0-25,Moderate,Survival,0,0,#DIV/0!,52.39%,0.00%,0.00,,,,,,,
Red,Upside,25-50,Moderate,Survival,0,1,0.00%,51.87%,-0.52%,-0.52,,,,,,,
Red,Upside,50-75,Moderate,Survival,37,46,44.58%,48.85%,-3.54%,-3.54,,,,,,,
Red,Upside,75-100,Moderate,Survival,24,21,53.33%,52.68%,0.29%,0.29,,,,,,,
Brown,Upside,0-25,Moderate,Survival,0,0,#DIV/0!,52.39%,0.00%,0.00,,,,,,,
Brown,Upside,25-50,Moderate,Survival,0,0,#DIV/0!,52.39%,0.00%,0.00,,,,,,,
Brown,Upside,50-75,Moderate,Survival,1,3,25.00%,51.34%,-1.05%,-1.05,,,,,,,
Pink,Upside,0-25,Moderate,Closing,0,0,#DIV/0!,46.95%,0.00%,0.00,,,,,,,
Pink,Upside,25-50,Moderate,Closing,0,4,0.00%,45.15%,-1.81%,-1.81,,,,,,,
Pink,Upside,50-75,Moderate,Closing,3,3,50.00%,47.13%,0.17%,0.17,,,,,,,
Pink,Upside,75-100,Moderate,Closing,5,2,71.43%,48.55%,1.60%,1.60,,,,,,,
Orange,Upside,0-25,Moderate,Closing,0,0,#DIV/0!,46.95%,0.00%,0.00,,,,,,,
Orange,Upside,25-50,Moderate,Closing,25,27,48.08%,47.34%,0.38%,0.38,,,,,,,
Orange,Upside,50-75,Moderate,Closing,109,70,60.89%,60.89%,13.94%,13.94,,,,,,,
Orange,Upside,75-100,Moderate,Closing,73,74,49.66%,49.66%,2.71%,2.71,,,,,,,
Blue,Upside,0-25,Moderate,Closing,0,0,#DIV/0!,46.95%,0.00%,0.00,,,,,,,
Blue,Upside,25-50,Moderate,Closing,13,23,36.11%,44.08%,-2.87%,-2.87,,,,,,,
Blue,Upside,50-75,Moderate,Closing,184,158,53.80%,53.80%,6.85%,6.85,,,,,,,
Blue,Upside,75-100,Moderate,Closing,85,147,36.64%,36.64%,-10.32%,-10.32,,,,,,,
Yellow,Upside,0-25,Moderate,Closing,0,0,#DIV/0!,46.95%,0.00%,0.00,,,,,,,
Yellow,Upside,25-50,Moderate,Closing,29,39,42.65%,45.21%,-1.74%,-1.74,,,,,,,
Yellow,Upside,50-75,Moderate,Closing,291,395,42.42%,42.42%,-4.53%,-4.53,,,,,,,
Yellow,Upside,75-100,Moderate,Closing,166,191,46.50%,46.50%,-0.46%,-0.46,,,,,,,
Green,Upside,0-25,Moderate,Closing,0,0,#DIV/0!,46.95%,0.00%,0.00,,,,,,,
Green,Upside,25-50,Moderate,Closing,10,14,41.67%,45.93%,-1.02%,-1.02,,,,,,,
Green,Upside,50-75,Moderate,Closing,101,91,52.60%,52.60%,5.65%,5.65,,,,,,,
Green,Upside,75-100,Moderate,Closing,39,51,43.33%,45.24%,-1.71%,-1.71,,,,,,,
Purple,Upside,0-25,Moderate,Closing,0,0,#DIV/0!,46.95%,0.00%,0.00,,,,,,,
Purple,Upside,25-50,Moderate,Closing,6,12,33.33%,44.88%,-2.08%,-2.08,,,,,,,
Purple,Upside,50-75,Moderate,Closing,101,97,51.01%,51.01%,4.06%,4.06,,,,,,,
Purple,Upside,75-100,Moderate,Closing,61,66,48.03%,48.03%,1.08%,1.08,,,,,,,
Red,Upside,0-25,Moderate,Closing,0,0,#DIV/0!,46.95%,0.00%,0.00,,,,,,,
Red,Upside,25-50,Moderate,Closing,1,2,33.33%,46.56%,-0.40%,-0.40,,,,,,,
Red,Upside,50-75,Moderate,Closing,22,22,50.00%,47.88%,0.93%,0.93,,,,,,,
Red,Upside,75-100,Moderate,Closing,15,25,37.50%,44.25%,-2.70%,-2.70,,,,,,,
Brown,Upside,0-25,Moderate,Closing,0,0,#DIV/0!,46.95%,0.00%,0.00,,,,,,,
Brown,Upside,25-50,Moderate,Closing,0,1,0.00%,46.49%,-0.46%,-0.46,,,,,,,
Brown,Upside,50-75,Moderate,Closing,2,1,66.67%,47.53%,0.57%,0.57,,,,,,,
Brown,Upside,75-100,Moderate,Closing,0,0,#DIV/0!,46.95%,0.00%,0.00,,,,,,,
Pink,Upside,0-25,Tough,Open,0,0,#DIV/0!,58.84%,0.00%,0.00,,,,,,,
Pink,Upside,25-50,Tough,Open,0,0,#DIV/0!,58.84%,0.00%,0.00,,,,,,,
Pink,Upside,50-75,Tough,Open,0,0,#DIV/0!,58.84%,0.00%,0.00,,,,,,,
Pink,Upside,75-100,Tough,Open,1,0,100.00%,59.25%,0.41%,0.41,,,,,,,
Orange,Upside,0-25,Tough,Open,0,0,#DIV/0!,58.84%,0.00%,0.00,,,,,,,
Orange,Upside,25-50,Tough,Open,7,2,77.78%,60.40%,1.56%,1.56,,,,,,,
Orange,Upside,50-75,Tough,Open,14,5,73.68%,61.21%,2.37%,2.37,,,,,,,
Orange,Upside,75-100,Tough,Open,12,4,75.00%,61.07%,2.23%,2.23,,,,,,,
Blue,Upside,0-25,Tough,Open,0,0,#DIV/0!,58.84%,0.00%,0.00,,,,,,,
Blue,Upside,25-50,Tough,Open,1,7,12.50%,55.41%,-3.43%,-3.43,,,,,,,
Blue,Upside,50-75,Tough,Open,22,15,59.46%,59.01%,0.17%,0.17,,,,,,,
Blue,Upside,75-100,Tough,Open,19,14,57.58%,58.53%,-0.31%,-0.31,,,,,,,
Yellow,Upside,0-25,Tough,Open,0,0,#DIV/0!,58.84%,0.00%,0.00,,,,,,,
Yellow,Upside,25-50,Tough,Open,6,2,75.00%,60.04%,1.20%,1.20,,,,,,,
Yellow,Upside,50-75,Tough,Open,30,11,73.17%,63.01%,4.17%,4.17,,,,,,,
Yellow,Upside,75-100,Tough,Open,38,38,50.00%,55.02%,-3.82%,-3.82,,,,,,,
Green,Upside,0-25,Tough,Open,0,0,#DIV/0!,58.84%,0.00%,0.00,,,,,,,
Green,Upside,25-50,Tough,Open,0,2,0.00%,57.69%,-1.15%,-1.15,,,,,,,
Green,Upside,50-75,Tough,Open,13,8,61.90%,59.37%,0.53%,0.53,,,,,,,
Green,Upside,75-100,Tough,Open,16,4,80.00%,62.37%,3.53%,3.53,,,,,,,
Purple,Upside,0-25,Tough,Open,0,0,#DIV/0!,58.84%,0.00%,0.00,,,,,,,
Purple,Upside,25-50,Tough,Open,0,4,0.00%,56.58%,-2.26%,-2.26,,,,,,,
Purple,Upside,50-75,Tough,Open,10,9,52.63%,57.85%,-0.99%,-0.99,,,,,,,
Purple,Upside,75-100,Tough,Open,12,15,44.44%,55.78%,-3.06%,-3.06,,,,,,,
Red,Upside,0-25,Tough,Open,0,0,#DIV/0!,58.84%,0.00%,0.00,,,,,,,
Red,Upside,25-50,Tough,Open,0,0,#DIV/0!,58.84%,0.00%,0.00,,,,,,,
Red,Upside,50-75,Tough,Open,2,1,66.67%,59.07%,0.23%,0.23,,,,,,,
Red,Upside,75-100,Tough,Open,0,1,0.00%,58.26%,-0.58%,-0.58,,,,,,,
Brown,Upside,0-25,Tough,Open,0,0,#DIV/0!,58.84%,0.00%,0.00,,,,,,,
Brown,Upside,25-50,Tough,Open,0,0,#DIV/0!,58.84%,0.00%,0.00,,,,,,,
Brown,Upside,50-75,Tough,Open,0,0,#DIV/0!,58.84%,0.00%,0.00,,,,,,,
Brown,Upside,75-100,Tough,Open,0,0,#DIV/0!,58.84%,0.00%,0.00,,,,,,,
Pink,Upside,0-25,Tough,Positioning,0,0,#DIV/0!,40.21%,0.00%,0.00,,,,,,,
Pink,Upside,25-50,Tough,Positioning,0,0,#DIV/0!,40.21%,0.00%,0.00,,,,,,,
Pink,Upside,50-75,Tough,Positioning,0,4,0.00%,38.66%,-1.55%,-1.55,,,,,,,
Pink,Upside,75-100,Tough,Positioning,2,0,100.00%,41.38%,1.17%,1.17,,,,,,,
Orange,Upside,0-25,Tough,Positioning,0,0,#DIV/0!,40.21%,0.00%,0.00,,,,,,,
Orange,Upside,25-50,Tough,Positioning,0,0,#DIV/0!,40.21%,0.00%,0.00,,,,,,,
Orange,Upside,50-75,Tough,Positioning,19,19,50.00%,42.90%,2.70%,2.70,,,,,,,
Orange,Upside,75-100,Tough,Positioning,14,4,77.78%,45.94%,5.73%,5.73,,,,,,,
Blue,Upside,0-25,Tough,Positioning,0,0,#DIV/0!,40.21%,0.00%,0.00,,,,,,,
Blue,Upside,25-50,Tough,Positioning,0,4,0.00%,38.66%,-1.55%,-1.55,,,,,,,
Blue,Upside,50-75,Tough,Positioning,25,40,38.46%,39.52%,-0.69%,-0.69,,,,,,,
Blue,Upside,75-100,Tough,Positioning,12,29,29.27%,37.03%,-3.18%,-3.18,,,,,,,
Yellow,Upside,0-25,Tough,Positioning,0,0,#DIV/0!,40.21%,0.00%,0.00,,,,,,,
Yellow,Upside,25-50,Tough,Positioning,2,7,22.22%,38.72%,-1.49%,-1.49,,,,,,,
Yellow,Upside,50-75,Tough,Positioning,30,67,30.93%,35.64%,-4.57%,-4.57,,,,,,,
Yellow,Upside,75-100,Tough,Positioning,22,29,43.14%,41.20%,0.99%,0.99,,,,,,,
Green,Upside,0-25,Tough,Positioning,0,0,#DIV/0!,40.21%,0.00%,0.00,,,,,,,
Green,Upside,25-50,Tough,Positioning,0,0,#DIV/0!,40.21%,0.00%,0.00,,,,,,,
Green,Upside,50-75,Tough,Positioning,17,27,38.64%,39.73%,-0.48%,-0.48,,,,,,,
Green,Upside,75-100,Tough,Positioning,14,8,63.64%,44.43%,4.22%,4.22,,,,,,,
Purple,Upside,0-25,Tough,Positioning,0,0,#DIV/0!,40.21%,0.00%,0.00,,,,,,,
Purple,Upside,25-50,Tough,Positioning,0,0,#DIV/0!,40.21%,0.00%,0.00,,,,,,,
Purple,Upside,50-75,Tough,Positioning,20,32,38.46%,39.61%,-0.60%,-0.60,,,,,,,
Purple,Upside,75-100,Tough,Positioning,10,11,47.62%,41.49%,1.29%,1.29,,,,,,,
Red,Upside,0-25,Tough,Positioning,0,0,#DIV/0!,40.21%,0.00%,0.00,,,,,,,
Red,Upside,25-50,Tough,Positioning,0,0,#DIV/0!,40.21%,0.00%,0.00,,,,,,,
Red,Upside,50-75,Tough,Positioning,4,4,50.00%,40.93%,0.73%,0.73,,,,,,,
Red,Upside,75-100,Tough,Positioning,2,2,50.00%,40.58%,0.38%,0.38,,,,,,,
Brown,Upside,0-25,Tough,Positioning,0,0,#DIV/0!,40.21%,0.00%,0.00,,,,,,,
Brown,Upside,25-50,Tough,Positioning,0,0,#DIV/0!,40.21%,0.00%,0.00,,,,,,,
Brown,Upside,50-75,Tough,Positioning,0,0,#DIV/0!,40.21%,0.00%,0.00,,,,,,,
Brown,Upside,75-100,Tough,Positioning,0,0,#DIV/0!,40.21%,0.00%,0.00,,,,,,,
Pink,Upside,0-25,Tough,Survival,0,0,#DIV/0!,33.94%,0.00%,0.00,,,,,,,
Pink,Upside,25-50,Tough,Survival,0,0,#DIV/0!,33.94%,0.00%,0.00,,,,,,,
Pink,Upside,50-75,Tough,Survival,0,2,0.00%,33.28%,-0.67%,-0.67,,,,,,,
Pink,Upside,75-100,Tough,Survival,0,0,#DIV/0!,33.94%,0.00%,0.00,,,,,,,
Orange,Upside,0-25,Tough,Survival,0,0,#DIV/0!,33.94%,0.00%,0.00,,,,,,,
Orange,Upside,25-50,Tough,Survival,0,4,0.00%,32.64%,-1.31%,-1.31,,,,,,,
Orange,Upside,50-75,Tough,Survival,3,13,18.75%,31.85%,-2.10%,-2.10,,,,,,,
Orange,Upside,75-100,Tough,Survival,6,19,24.00%,31.95%,-1.99%,-1.99,,,,,,,
Blue,Upside,0-25,Tough,Survival,0,0,#DIV/0!,33.94%,0.00%,0.00,,,,,,,
Blue,Upside,25-50,Tough,Survival,1,3,25.00%,33.60%,-0.34%,-0.34,,,,,,,
Blue,Upside,50-75,Tough,Survival,7,17,29.17%,33.02%,-0.92%,-0.92,,,,,,,
Blue,Upside,75-100,Tough,Survival,7,13,35.00%,34.12%,0.18%,0.18,,,,,,,
Yellow,Upside,0-25,Tough,Survival,0,0,#DIV/0!,33.94%,0.00%,0.00,,,,,,,
Yellow,Upside,25-50,Tough,Survival,6,8,42.86%,35.04%,1.09%,1.09,,,,,,,
Yellow,Upside,50-75,Tough,Survival,19,28,40.43%,36.01%,2.07%,2.07,,,,,,,
Yellow,Upside,75-100,Tough,Survival,36,60,37.50%,35.68%,1.74%,1.74,,,,,,,
Green,Upside,0-25,Tough,Survival,0,0,#DIV/0!,33.94%,0.00%,0.00,,,,,,,
Green,Upside,25-50,Tough,Survival,2,1,66.67%,34.89%,0.95%,0.95,,,,,,,
Green,Upside,50-75,Tough,Survival,19,29,39.58%,35.77%,1.83%,1.83,,,,,,,
Green,Upside,75-100,Tough,Survival,11,15,42.31%,35.67%,1.73%,1.73,,,,,,,
Purple,Upside,0-25,Tough,Survival,0,0,#DIV/0!,33.94%,0.00%,0.00,,,,,,,
Purple,Upside,25-50,Tough,Survival,7,6,53.85%,36.23%,2.29%,2.29,,,,,,,
Purple,Upside,50-75,Tough,Survival,14,43,24.56%,30.54%,-3.41%,-3.41,,,,,,,
Purple,Upside,75-100,Tough,Survival,10,17,37.04%,34.60%,0.66%,0.66,,,,,,,
Red,Upside,0-25,Tough,Survival,0,0,#DIV/0!,33.94%,0.00%,0.00,,,,,,,
Red,Upside,25-50,Tough,Survival,0,0,#DIV/0!,33.94%,0.00%,0.00,,,,,,,
Red,Upside,50-75,Tough,Survival,1,5,16.67%,32.96%,-0.98%,-0.98,,,,,,,
Red,Upside,75-100,Tough,Survival,0,7,0.00%,31.72%,-2.22%,-2.22,,,,,,,
Brown,Upside,0-25,Tough,Survival,0,0,#DIV/0!,33.94%,0.00%,0.00,,,,,,,
Brown,Upside,25-50,Tough,Survival,0,0,#DIV/0!,33.94%,0.00%,0.00,,,,,,,
Brown,Upside,50-75,Tough,Survival,0,0,#DIV/0!,33.94%,0.00%,0.00,,,,,,,
Pink,Upside,0-25,Tough,Closing,0,0,#DIV/0!,32.14%,0.00%,0.00,,,,,,,
Pink,Upside,25-50,Tough,Closing,0,0,#DIV/0!,32.14%,0.00%,0.00,,,,,,,
Pink,Upside,50-75,Tough,Closing,0,0,#DIV/0!,32.14%,0.00%,0.00,,,,,,,
Pink,Upside,75-100,Tough,Closing,0,0,#DIV/0!,32.14%,0.00%,0.00,,,,,,,
Orange,Upside,0-25,Tough,Closing,0,0,#DIV/0!,32.14%,0.00%,0.00,,,,,,,
Orange,Upside,25-50,Tough,Closing,0,0,#DIV/0!,32.14%,0.00%,0.00,,,,,,,
Orange,Upside,50-75,Tough,Closing,4,10,28.57%,31.70%,-0.44%,-0.44,,,,,,,
Orange,Upside,75-100,Tough,Closing,3,1,75.00%,33.79%,1.65%,1.65,,,,,,,
Blue,Upside,0-25,Tough,Closing,0,0,#DIV/0!,32.14%,0.00%,0.00,,,,,,,
Blue,Upside,25-50,Tough,Closing,0,1,0.00%,31.82%,-0.32%,-0.32,,,,,,,
Blue,Upside,50-75,Tough,Closing,7,20,25.93%,30.82%,-1.32%,-1.32,,,,,,,
Blue,Upside,75-100,Tough,Closing,7,12,36.84%,32.89%,0.75%,0.75,,,,,,,
Yellow,Upside,0-25,Tough,Closing,0,0,#DIV/0!,32.14%,0.00%,0.00,,,,,,,
Yellow,Upside,25-50,Tough,Closing,1,2,33.33%,32.18%,0.03%,0.03,,,,,,,
Yellow,Upside,50-75,Tough,Closing,33,46,41.77%,36.39%,4.25%,4.25,,,,,,,
Yellow,Upside,75-100,Tough,Closing,9,34,20.93%,28.77%,-3.37%,-3.37,,,,,,,
Green,Upside,0-25,Tough,Closing,0,0,#DIV/0!,32.14%,0.00%,0.00,,,,,,,
Green,Upside,25-50,Tough,Closing,2,2,50.00%,32.83%,0.69%,0.69,,,,,,,
Green,Upside,50-75,Tough,Closing,6,26,18.75%,28.90%,-3.25%,-3.25,,,,,,,
Green,Upside,75-100,Tough,Closing,5,6,45.45%,33.46%,1.32%,1.32,,,,,,,
Purple,Upside,0-25,Tough,Closing,0,0,#DIV/0!,32.14%,0.00%,0.00,,,,,,,
Purple,Upside,25-50,Tough,Closing,2,1,66.67%,33.15%,1.01%,1.01,,,,,,,
Purple,Upside,50-75,Tough,Closing,7,16,30.43%,31.82%,-0.32%,-0.32,,,,,,,
Purple,Upside,75-100,Tough,Closing,4,10,28.57%,31.70%,-0.44%,-0.44,,,,,,,
Red,Upside,0-25,Tough,Closing,0,0,#DIV/0!,32.14%,0.00%,0.00,,,,,,,
Red,Upside,25-50,Tough,Closing,0,0,#DIV/0!,32.14%,0.00%,0.00,,,,,,,
Red,Upside,50-75,Tough,Closing,0,1,0.00%,31.82%,-0.32%,-0.32,,,,,,,
Red,Upside,75-100,Tough,Closing,0,2,0.00%,31.51%,-0.63%,-0.63,,,,,,,
Brown,Upside,0-25,Tough,Closing,0,0,#DIV/0!,32.14%,0.00%,0.00,,,,,,,
Brown,Upside,25-50,Tough,Closing,0,0,#DIV/0!,32.14%,0.00%,0.00,,,,,,,
Brown,Upside,50-75,Tough,Closing,0,0,#DIV/0!,32.14%,0.00%,0.00,,,,,,,
Brown,Upside,75-100,Tough,Closing,0,0,#DIV/0!,32.14%,0.00%,0.00,,,,,,,
Pink,Exec,0-25,Tough,Open,0,0,#DIV/0!,58.84%,0.00%,0.00,,,,,,,
Pink,Exec,25-50,Tough,Open,0,0,#DIV/0!,58.84%,0.00%,0.00,,,,,,,
Pink,Exec,50-75,Tough,Open,0,0,#DIV/0!,58.84%,0.00%,0.00,,,,,,,
Pink,Exec,75-100,Tough,Open,1,0,100.00%,59.25%,0.41%,0.41,,,,,,,
Orange,Exec,0-25,Tough,Open,0,0,#DIV/0!,58.84%,0.00%,0.00,,,,,,,
Orange,Exec,25-50,Tough,Open,7,2,77.78%,60.40%,1.56%,1.56,,,,,,,
Orange,Exec,50-75,Tough,Open,14,5,73.68%,61.21%,2.37%,2.37,,,,,,,
Orange,Exec,75-100,Tough,Open,12,4,75.00%,61.07%,2.23%,2.23,,,,,,,
Blue,Exec,0-25,Tough,Open,0,0,#DIV/0!,58.84%,0.00%,0.00,,,,,,,
Blue,Exec,25-50,Tough,Open,1,7,12.50%,55.41%,-3.43%,-3.43,,,,,,,
Blue,Exec,50-75,Tough,Open,22,15,59.46%,59.01%,0.17%,0.17,,,,,,,
Blue,Exec,75-100,Tough,Open,19,14,57.58%,58.53%,-0.31%,-0.31,,,,,,,
Yellow,Exec,0-25,Tough,Open,0,0,#DIV/0!,58.84%,0.00%,0.00,,,,,,,
Yellow,Exec,25-50,Tough,Open,6,2,75.00%,60.04%,1.20%,1.20,,,,,,,
Yellow,Exec,50-75,Tough,Open,30,11,73.17%,63.01%,4.17%,4.17,,,,,,,
Yellow,Exec,75-100,Tough,Open,38,38,50.00%,55.02%,-3.82%,-3.82,,,,,,,
Green,Exec,0-25,Tough,Open,0,0,#DIV/0!,58.84%,0.00%,0.00,,,,,,,
Green,Exec,25-50,Tough,Open,0,2,0.00%,57.69%,-1.15%,-1.15,,,,,,,
Green,Exec,50-75,Tough,Open,13,8,61.90%,59.37%,0.53%,0.53,,,,,,,
Green,Exec,75-100,Tough,Open,16,4,80.00%,62.37%,3.53%,3.53,,,,,,,
Purple,Exec,0-25,Tough,Open,0,0,#DIV/0!,58.84%,0.00%,0.00,,,,,,,
Purple,Exec,25-50,Tough,Open,0,4,0.00%,56.58%,-2.26%,-2.26,,,,,,,
Purple,Exec,50-75,Tough,Open,10,9,52.63%,57.85%,-0.99%,-0.99,,,,,,,
Purple,Exec,75-100,Tough,Open,12,15,44.44%,55.78%,-3.06%,-3.06,,,,,,,
Red,Exec,0-25,Tough,Open,0,0,#DIV/0!,58.84%,0.00%,0.00,,,,,,,
Red,Exec,25-50,Tough,Open,0,0,#DIV/0!,58.84%,0.00%,0.00,,,,,,,
Red,Exec,50-75,Tough,Open,2,1,66.67%,59.07%,0.23%,0.23,,,,,,,
Red,Exec,75-100,Tough,Open,0,1,0.00%,58.26%,-0.58%,-0.58,,,,,,,
Brown,Exec,0-25,Tough,Open,0,0,#DIV/0!,58.84%,0.00%,0.00,,,,,,,
Brown,Exec,25-50,Tough,Open,0,0,#DIV/0!,58.84%,0.00%,0.00,,,,,,,
Brown,Exec,50-75,Tough,Open,0,0,#DIV/0!,58.84%,0.00%,0.00,,,,,,,
Brown,Exec,75-100,Tough,Open,0,0,#DIV/0!,58.84%,0.00%,0.00,,,,,,,
Pink,Exec,0-25,Tough,Positioning,0,0,#DIV/0!,40.21%,0.00%,0.00,,,,,,,
Pink,Exec,25-50,Tough,Positioning,0,0,#DIV/0!,40.21%,0.00%,0.00,,,,,,,
Pink,Exec,50-75,Tough,Positioning,0,4,0.00%,38.66%,-1.55%,-1.55,,,,,,,
Pink,Exec,75-100,Tough,Positioning,2,0,100.00%,41.38%,1.17%,1.17,,,,,,,
Orange,Exec,0-25,Tough,Positioning,0,0,#DIV/0!,40.21%,0.00%,0.00,,,,,,,
Orange,Exec,25-50,Tough,Positioning,0,0,#DIV/0!,40.21%,0.00%,0.00,,,,,,,
Orange,Exec,50-75,Tough,Positioning,19,19,50.00%,42.90%,2.70%,2.70,,,,,,,
Orange,Exec,75-100,Tough,Positioning,14,4,77.78%,45.94%,5.73%,5.73,,,,,,,
Blue,Exec,0-25,Tough,Positioning,0,0,#DIV/0!,40.21%,0.00%,0.00,,,,,,,
Blue,Exec,25-50,Tough,Positioning,0,4,0.00%,38.66%,-1.55%,-1.55,,,,,,,
Blue,Exec,50-75,Tough,Positioning,25,40,38.46%,39.52%,-0.69%,-0.69,,,,,,,
Blue,Exec,75-100,Tough,Positioning,12,29,29.27%,37.03%,-3.18%,-3.18,,,,,,,
Yellow,Exec,0-25,Tough,Positioning,0,0,#DIV/0!,40.21%,0.00%,0.00,,,,,,,
Yellow,Exec,25-50,Tough,Positioning,2,7,22.22%,38.72%,-1.49%,-1.49,,,,,,,
Yellow,Exec,50-75,Tough,Positioning,30,67,30.93%,35.64%,-4.57%,-4.57,,,,,,,
Yellow,Exec,75-100,Tough,Positioning,22,29,43.14%,41.20%,0.99%,0.99,,,,,,,
Green,Exec,0-25,Tough,Positioning,0,0,#DIV/0!,40.21%,0.00%,0.00,,,,,,,
Green,Exec,25-50,Tough,Positioning,0,0,#DIV/0!,40.21%,0.00%,0.00,,,,,,,
Green,Exec,50-75,Tough,Positioning,17,27,38.64%,39.73%,-0.48%,-0.48,,,,,,,
Green,Exec,75-100,Tough,Positioning,14,8,63.64%,44.43%,4.22%,4.22,,,,,,,
Purple,Exec,0-25,Tough,Positioning,0,0,#DIV/0!,40.21%,0.00%,0.00,,,,,,,
Purple,Exec,25-50,Tough,Positioning,0,0,#DIV/0!,40.21%,0.00%,0.00,,,,,,,
Purple,Exec,50-75,Tough,Positioning,20,32,38.46%,39.61%,-0.60%,-0.60,,,,,,,
Purple,Exec,75-100,Tough,Positioning,10,11,47.62%,41.49%,1.29%,1.29,,,,,,,
Red,Exec,0-25,Tough,Positioning,0,0,#DIV/0!,40.21%,0.00%,0.00,,,,,,,
Red,Exec,25-50,Tough,Positioning,0,0,#DIV/0!,40.21%,0.00%,0.00,,,,,,,
Red,Exec,50-75,Tough,Positioning,4,4,50.00%,40.93%,0.73%,0.73,,,,,,,
Red,Exec,75-100,Tough,Positioning,2,2,50.00%,40.58%,0.38%,0.38,,,,,,,
Brown,Exec,0-25,Tough,Positioning,0,0,#DIV/0!,40.21%,0.00%,0.00,,,,,,,
Brown,Exec,25-50,Tough,Positioning,0,0,#DIV/0!,40.21%,0.00%,0.00,,,,,,,
Brown,Exec,50-75,Tough,Positioning,0,0,#DIV/0!,40.21%,0.00%,0.00,,,,,,,
Brown,Exec,75-100,Tough,Positioning,0,0,#DIV/0!,40.21%,0.00%,0.00,,,,,,,
Pink,Exec,0-25,Tough,Survival,0,0,#DIV/0!,33.94%,0.00%,0.00,,,,,,,
Pink,Exec,25-50,Tough,Survival,0,0,#DIV/0!,33.94%,0.00%,0.00,,,,,,,
Pink,Exec,50-75,Tough,Survival,0,2,0.00%,33.28%,-0.67%,-0.67,,,,,,,
Pink,Exec,75-100,Tough,Survival,0,0,#DIV/0!,33.94%,0.00%,0.00,,,,,,,
Orange,Exec,0-25,Tough,Survival,0,0,#DIV/0!,33.94%,0.00%,0.00,,,,,,,
Orange,Exec,25-50,Tough,Survival,0,4,0.00%,32.64%,-1.31%,-1.31,,,,,,,
Orange,Exec,50-75,Tough,Survival,3,13,18.75%,31.85%,-2.10%,-2.10,,,,,,,
Orange,Exec,75-100,Tough,Survival,6,19,24.00%,31.95%,-1.99%,-1.99,,,,,,,
Blue,Exec,0-25,Tough,Survival,0,0,#DIV/0!,33.94%,0.00%,0.00,,,,,,,
Blue,Exec,25-50,Tough,Survival,1,3,25.00%,33.60%,-0.34%,-0.34,,,,,,,
Blue,Exec,50-75,Tough,Survival,7,17,29.17%,33.02%,-0.92%,-0.92,,,,,,,
Blue,Exec,75-100,Tough,Survival,7,13,35.00%,34.12%,0.18%,0.18,,,,,,,
Yellow,Exec,0-25,Tough,Survival,0,0,#DIV/0!,33.94%,0.00%,0.00,,,,,,,
Yellow,Exec,25-50,Tough,Survival,6,8,42.86%,35.04%,1.09%,1.09,,,,,,,
Yellow,Exec,50-75,Tough,Survival,19,28,40.43%,36.01%,2.07%,2.07,,,,,,,
Yellow,Exec,75-100,Tough,Survival,36,60,37.50%,35.68%,1.74%,1.74,,,,,,,
Green,Exec,0-25,Tough,Survival,0,0,#DIV/0!,33.94%,0.00%,0.00,,,,,,,
Green,Exec,25-50,Tough,Survival,2,1,66.67%,34.89%,0.95%,0.95,,,,,,,
Green,Exec,50-75,Tough,Survival,19,29,39.58%,35.77%,1.83%,1.83,,,,,,,
Green,Exec,75-100,Tough,Survival,11,15,42.31%,35.67%,1.73%,1.73,,,,,,,
Purple,Exec,0-25,Tough,Survival,0,0,#DIV/0!,33.94%,0.00%,0.00,,,,,,,
Purple,Exec,25-50,Tough,Survival,7,6,53.85%,36.23%,2.29%,2.29,,,,,,,
Purple,Exec,50-75,Tough,Survival,14,43,24.56%,30.54%,-3.41%,-3.41,,,,,,,
Purple,Exec,75-100,Tough,Survival,10,17,37.04%,34.60%,0.66%,0.66,,,,,,,
Red,Exec,0-25,Tough,Survival,0,0,#DIV/0!,33.94%,0.00%,0.00,,,,,,,
Red,Exec,25-50,Tough,Survival,0,0,#DIV/0!,33.94%,0.00%,0.00,,,,,,,
Red,Exec,50-75,Tough,Survival,1,5,16.67%,32.96%,-0.98%,-0.98,,,,,,,
Red,Exec,75-100,Tough,Survival,0,7,0.00%,31.72%,-2.22%,-2.22,,,,,,,
Brown,Exec,0-25,Tough,Survival,0,0,#DIV/0!,33.94%,0.00%,0.00,,,,,,,
Brown,Exec,25-50,Tough,Survival,0,0,#DIV/0!,33.94%,0.00%,0.00,,,,,,,
Brown,Exec,50-75,Tough,Survival,0,0,#DIV/0!,33.94%,0.00%,0.00,,,,,,,
Pink,Exec,0-25,Tough,Closing,0,0,#DIV/0!,32.14%,0.00%,0.00,,,,,,,
Pink,Exec,25-50,Tough,Closing,0,0,#DIV/0!,32.14%,0.00%,0.00,,,,,,,
Pink,Exec,50-75,Tough,Closing,0,0,#DIV/0!,32.14%,0.00%,0.00,,,,,,,
Pink,Exec,75-100,Tough,Closing,0,0,#DIV/0!,32.14%,0.00%,0.00,,,,,,,
Orange,Exec,0-25,Tough,Closing,0,0,#DIV/0!,32.14%,0.00%,0.00,,,,,,,
Orange,Exec,25-50,Tough,Closing,0,0,#DIV/0!,32.14%,0.00%,0.00,,,,,,,
Orange,Exec,50-75,Tough,Closing,4,10,28.57%,31.70%,-0.44%,-0.44,,,,,,,
Orange,Exec,75-100,Tough,Closing,3,1,75.00%,33.79%,1.65%,1.65,,,,,,,
Blue,Exec,0-25,Tough,Closing,0,0,#DIV/0!,32.14%,0.00%,0.00,,,,,,,
Blue,Exec,25-50,Tough,Closing,0,1,0.00%,31.82%,-0.32%,-0.32,,,,,,,
Blue,Exec,50-75,Tough,Closing,7,20,25.93%,30.82%,-1.32%,-1.32,,,,,,,
Blue,Exec,75-100,Tough,Closing,7,12,36.84%,32.89%,0.75%,0.75,,,,,,,
Yellow,Exec,0-25,Tough,Closing,0,0,#DIV/0!,32.14%,0.00%,0.00,,,,,,,
Yellow,Exec,25-50,Tough,Closing,1,2,33.33%,32.18%,0.03%,0.03,,,,,,,
Yellow,Exec,50-75,Tough,Closing,33,46,41.77%,36.39%,4.25%,4.25,,,,,,,
Yellow,Exec,75-100,Tough,Closing,9,34,20.93%,28.77%,-3.37%,-3.37,,,,,,,
Green,Exec,0-25,Tough,Closing,0,0,#DIV/0!,32.14%,0.00%,0.00,,,,,,,
Green,Exec,25-50,Tough,Closing,2,2,50.00%,32.83%,0.69%,0.69,,,,,,,
Green,Exec,50-75,Tough,Closing,6,26,18.75%,28.90%,-3.25%,-3.25,,,,,,,
Green,Exec,75-100,Tough,Closing,5,6,45.45%,33.46%,1.32%,1.32,,,,,,,
Purple,Exec,0-25,Tough,Closing,0,0,#DIV/0!,32.14%,0.00%,0.00,,,,,,,
Purple,Exec,25-50,Tough,Closing,2,1,66.67%,33.15%,1.01%,1.01,,,,,,,
Purple,Exec,50-75,Tough,Closing,7,16,30.43%,31.82%,-0.32%,-0.32,,,,,,,
Purple,Exec,75-100,Tough,Closing,4,10,28.57%,31.70%,-0.44%,-0.44,,,,,,,
Red,Exec,0-25,Tough,Closing,0,0,#DIV/0!,32.14%,0.00%,0.00,,,,,,,
Red,Exec,25-50,Tough,Closing,0,0,#DIV/0!,32.14%,0.00%,0.00,,,,,,,
Red,Exec,50-75,Tough,Closing,0,1,0.00%,31.82%,-0.32%,-0.32,,,,,,,
Red,Exec,75-100,Tough,Closing,0,2,0.00%,31.51%,-0.63%,-0.63,,,,,,,
Brown,Exec,0-25,Tough,Closing,0,0,#DIV/0!,32.14%,0.00%,0.00,,,,,,,
Brown,Exec,25-50,Tough,Closing,0,0,#DIV/0!,32.14%,0.00%,0.00,,,,,,,
Brown,Exec,50-75,Tough,Closing,0,0,#DIV/0!,32.14%,0.00%,0.00,,,,,,,
Brown,Exec,75-100,Tough,Closing,0,0,#DIV/0!,32.14%,0.00%,0.00,,,,,,,