condition,round_type,exec_bucket,upside_bucket,moon,n,good_pct,bad_pct,pop_good_pct,pop_bad_pct,good_edge,bad_edge,ratio,avg_diff
Calm,Closing,0,0,Krishna Bhadra,47,19.1,29.8,23.1,23.8,-3.9,6.0,0.66,0.71
Calm,Closing,0,0,Krishna Jaya,34,14.7,41.2,23.1,23.8,-8.4,17.4,0.37,1.32
Calm,Closing,0,0,Krishna Nanda,52,13.5,34.6,23.1,23.8,-9.6,10.8,0.4,0.83
Calm,Closing,0,0,Shukla Bhadra,42,16.7,31.0,23.1,23.8,-6.4,7.2,0.55,0.4
Calm,Closing,0,0,Shukla Jaya,71,19.7,28.2,23.1,23.8,-3.4,4.4,0.72,0.43
Calm,Closing,0,0,Shukla Nanda,50,18.0,44.0,23.1,23.8,-5.1,20.2,0.42,1.4
Calm,Closing,0,0,Shukla Purna,55,20.0,38.2,23.1,23.8,-3.1,14.4,0.54,0.9
Calm,Closing,0,0,Shukla Rikta,95,20.0,28.4,23.1,23.8,-3.1,4.6,0.72,0.52
Calm,Closing,25,25,Shukla Jaya,70,34.3,14.3,23.1,23.8,11.2,-9.5,2.47,-0.59
Calm,Closing,25,50,Krishna Bhadra,114,19.3,25.4,23.1,23.8,-3.8,1.7,0.78,0.35
Calm,Closing,25,50,Krishna Jaya,75,29.3,18.7,23.1,23.8,6.2,-5.1,1.62,-0.42
Calm,Closing,25,50,Krishna Purna,59,16.9,37.3,23.1,23.8,-6.1,13.5,0.47,0.95
Calm,Closing,25,50,Shukla Bhadra,125,28.0,19.2,23.1,23.8,4.9,-4.6,1.5,-0.46
Calm,Closing,25,50,Shukla Jaya,134,23.9,22.4,23.1,23.8,0.8,-1.4,1.1,-0.14
Calm,Closing,25,50,Shukla Nanda,103,26.2,22.3,23.1,23.8,3.1,-1.5,1.21,-0.38
Calm,Closing,25,50,Shukla Purna,89,29.2,15.7,23.1,23.8,6.1,-8.1,1.91,-0.56
Calm,Closing,25,50,Shukla Rikta,192,20.8,21.4,23.1,23.8,-2.3,-2.4,1.0,-0.01
Calm,Closing,25,75,Krishna Bhadra,83,24.1,19.3,23.1,23.8,1.0,-4.5,1.29,-0.36
Calm,Closing,25,75,Krishna Jaya,30,16.7,33.3,23.1,23.8,-6.4,9.5,0.51,0.91
Calm,Closing,25,75,Shukla Bhadra,73,26.0,32.9,23.1,23.8,2.9,9.1,0.82,0.15
Calm,Closing,25,75,Shukla Jaya,59,16.9,27.1,23.1,23.8,-6.1,3.3,0.64,0.18
Calm,Closing,25,75,Shukla Nanda,39,25.6,20.5,23.1,23.8,2.5,-3.3,1.29,-0.14
Calm,Closing,25,75,Shukla Purna,37,18.9,27.0,23.1,23.8,-4.2,3.2,0.72,1.03
Calm,Closing,25,75,Shukla Rikta,70,32.9,14.3,23.1,23.8,9.8,-9.5,2.37,-0.7
Calm,Closing,50,25,Shukla Rikta,34,35.3,14.7,23.1,23.8,12.2,-9.1,2.47,-1.0
Calm,Closing,50,50,Krishna Bhadra,90,13.3,23.3,23.1,23.8,-9.8,-0.5,0.59,0.42
Calm,Closing,50,50,Krishna Jaya,119,18.5,22.7,23.1,23.8,-4.6,-1.1,0.84,0.15
Calm,Closing,50,50,Krishna Nanda,138,22.5,24.6,23.1,23.8,-0.6,0.9,0.94,0.29
Calm,Closing,50,50,Krishna Purna,201,26.9,20.4,23.1,23.8,3.8,-3.4,1.36,-0.04
Calm,Closing,50,50,Krishna Rikta,66,25.8,19.7,23.1,23.8,2.7,-4.1,1.35,-0.28
Calm,Closing,50,50,Shukla Bhadra,174,20.1,24.7,23.1,23.8,-3.0,0.9,0.84,0.09
Calm,Closing,50,50,Shukla Jaya,319,23.5,27.6,23.1,23.8,0.4,3.8,0.88,0.25
Calm,Closing,50,50,Shukla Nanda,139,24.5,18.7,23.1,23.8,1.4,-5.1,1.35,-0.03
Calm,Closing,50,50,Shukla Purna,133,27.1,15.8,23.1,23.8,4.0,-8.0,1.77,-0.55
Calm,Closing,50,50,Shukla Rikta,182,33.5,22.5,23.1,23.8,10.4,-1.3,1.53,-0.41
Calm,Closing,50,75,Krishna Bhadra,52,17.3,28.8,23.1,23.8,-5.8,5.1,0.62,0.5
Calm,Closing,50,75,Krishna Jaya,75,20.0,24.0,23.1,23.8,-3.1,0.2,0.86,0.28
Calm,Closing,50,75,Krishna Nanda,60,23.3,21.7,23.1,23.8,0.2,-2.1,1.11,0.33
Calm,Closing,50,75,Krishna Purna,62,16.1,19.4,23.1,23.8,-7.0,-4.4,0.86,-0.06
Calm,Closing,50,75,Krishna Rikta,32,15.6,25.0,23.1,23.8,-7.5,1.2,0.64,0.28
Calm,Closing,50,75,Shukla Bhadra,85,16.5,20.0,23.1,23.8,-6.6,-3.8,0.85,-0.31
Calm,Closing,50,75,Shukla Jaya,182,18.1,24.2,23.1,23.8,-5.0,0.4,0.77,0.15
Calm,Closing,50,75,Shukla Nanda,101,27.7,19.8,23.1,23.8,4.6,-4.0,1.44,-0.48
Calm,Closing,50,75,Shukla Purna,130,28.5,21.5,23.1,23.8,5.4,-2.2,1.36,-0.17
Calm,Closing,50,75,Shukla Rikta,209,25.4,24.4,23.1,23.8,2.3,0.6,1.07,-0.08
Calm,Closing,75,50,Krishna Bhadra,33,6.1,21.2,23.1,23.8,-17.0,-2.6,0.29,-0.01
Calm,Closing,75,50,Krishna Jaya,31,22.6,45.2,23.1,23.8,-0.5,21.4,0.51,1.02
Calm,Closing,75,50,Krishna Nanda,40,22.5,17.5,23.1,23.8,-0.6,-6.3,1.32,0.35
Calm,Closing,75,50,Krishna Purna,62,24.2,25.8,23.1,23.8,1.1,2.0,0.97,0.21
Calm,Closing,75,50,Shukla Bhadra,37,32.4,10.8,23.1,23.8,9.3,-13.0,3.09,-0.58
Calm,Closing,75,50,Shukla Jaya,52,17.3,32.7,23.1,23.8,-5.8,8.9,0.55,0.8
Calm,Closing,75,50,Shukla Nanda,38,23.7,18.4,23.1,23.8,0.6,-5.4,1.32,-0.35
Calm,Closing,75,50,Shukla Purna,80,36.3,20.0,23.1,23.8,13.2,-3.8,1.87,-0.53
Calm,Closing,75,50,Shukla Rikta,59,27.1,23.7,23.1,23.8,4.0,-0.1,1.18,-0.44
Calm,Elimination,25,50,Krishna Jaya,35,28.6,11.4,27.3,18.0,1.2,-6.5,1.64,-0.29
Calm,Elimination,50,50,Krishna Jaya,49,24.5,24.5,27.3,18.0,-2.9,6.5,0.66,0.31
Calm,Elimination,50,75,Shukla Bhadra,32,31.3,9.4,27.3,18.0,3.9,-8.6,2.19,-0.17
Calm,Mixed,0,0,Krishna Bhadra,42,28.6,26.2,31.8,23.8,-3.3,2.4,0.81,0.77
Calm,Mixed,0,0,Krishna Purna,34,32.4,29.4,31.8,23.8,0.5,5.7,0.82,-0.1
Calm,Mixed,0,0,Shukla Bhadra,39,20.5,25.6,31.8,23.8,-11.3,1.9,0.6,0.74
Calm,Mixed,25,25,Shukla Nanda,31,38.7,6.5,31.8,23.8,6.9,-17.3,4.48,-0.83
Calm,Mixed,25,50,Krishna Purna,50,52.0,20.0,31.8,23.8,20.2,-3.8,1.94,-1.57
Calm,Mixed,25,50,Shukla Bhadra,34,23.5,23.5,31.8,23.8,-8.3,-0.2,0.75,0.21
Calm,Mixed,25,75,Krishna Bhadra,32,28.1,21.9,31.8,23.8,-3.7,-1.9,0.96,0.22
Calm,Mixed,50,50,Krishna Bhadra,79,16.5,29.1,31.8,23.8,-15.4,5.4,0.42,0.84
Calm,Mixed,50,50,Krishna Purna,88,53.4,9.1,31.8,23.8,21.6,-14.7,4.39,-1.97
Calm,Mixed,50,50,Shukla Bhadra,60,28.3,25.0,31.8,23.8,-3.5,1.2,0.85,0.35
Calm,Mixed,50,50,Shukla Nanda,56,39.3,21.4,31.8,23.8,7.5,-2.3,1.37,-0.15
Calm,Mixed,50,50,Shukla Rikta,47,6.4,55.3,31.8,23.8,-25.5,31.6,0.09,2.84
Calm,Mixed,50,75,Krishna Bhadra,79,20.3,19.0,31.8,23.8,-11.6,-4.8,0.8,0.59
Calm,Mixed,50,75,Krishna Purna,52,46.2,19.2,31.8,23.8,14.3,-4.5,1.79,-1.27
Calm,Mixed,50,75,Shukla Nanda,58,50.0,6.9,31.8,23.8,18.2,-16.9,5.41,-1.54
Calm,Mixed,50,75,Shukla Rikta,33,18.2,48.5,31.8,23.8,-13.7,24.7,0.28,2.21
Calm,Mixed,75,50,Krishna Purna,35,54.3,11.4,31.8,23.8,22.5,-12.3,3.55,-1.65
Calm,Mixed,75,75,Krishna Purna,30,53.3,6.7,31.8,23.8,21.5,-17.1,5.97,-2.08
Calm,Open,0,0,Krishna Bhadra,101,14.9,48.5,26.4,23.1,-11.6,25.4,0.27,2.04
Calm,Open,0,0,Krishna Jaya,175,21.7,33.1,26.4,23.1,-4.7,10.0,0.57,0.88
Calm,Open,0,0,Krishna Nanda,192,9.4,39.1,26.4,23.1,-17.0,16.0,0.21,1.59
Calm,Open,0,0,Krishna Purna,162,11.1,43.8,26.4,23.1,-15.3,20.7,0.22,2.02
Calm,Open,0,0,Krishna Rikta,67,10.4,26.9,26.4,23.1,-16.0,3.8,0.34,1.21
Calm,Open,0,0,Shukla Bhadra,78,2.6,47.4,26.4,23.1,-23.9,24.3,0.05,2.7
Calm,Open,0,0,Shukla Jaya,163,20.9,24.5,26.4,23.1,-5.6,1.4,0.74,0.82
Calm,Open,0,0,Shukla Nanda,86,22.1,17.4,26.4,23.1,-4.3,-5.7,1.11,-0.1
Calm,Open,0,0,Shukla Purna,226,11.1,40.7,26.4,23.1,-15.4,17.6,0.24,1.64
Calm,Open,0,0,Shukla Rikta,125,16.8,36.8,26.4,23.1,-9.6,13.7,0.4,1.43
Calm,Open,25,25,Shukla Nanda,59,39.0,13.6,26.4,23.1,12.6,-9.6,2.52,-0.85
Calm,Open,25,25,Shukla Purna,89,32.6,15.7,26.4,23.1,6.2,-7.4,1.81,-0.64
Calm,Open,25,50,Krishna Bhadra,143,28.0,15.4,26.4,23.1,1.6,-7.7,1.59,-0.33
Calm,Open,25,50,Krishna Jaya,214,34.6,17.3,26.4,23.1,8.2,-5.8,1.75,-0.69
Calm,Open,25,50,Krishna Nanda,250,25.6,18.4,26.4,23.1,-0.8,-4.7,1.22,-0.25
Calm,Open,25,50,Krishna Purna,149,25.5,23.5,26.4,23.1,-0.9,0.4,0.95,-0.17
Calm,Open,25,50,Krishna Rikta,80,26.3,27.5,26.4,23.1,-0.2,4.4,0.84,0.43
Calm,Open,25,50,Shukla Bhadra,129,30.2,21.7,26.4,23.1,3.8,-1.4,1.22,-0.07
Calm,Open,25,50,Shukla Jaya,130,32.3,18.5,26.4,23.1,5.9,-4.7,1.53,-0.33
Calm,Open,25,50,Shukla Nanda,88,39.8,10.2,26.4,23.1,13.4,-12.9,3.4,-1.33
Calm,Open,25,50,Shukla Purna,246,24.0,20.7,26.4,23.1,-2.4,-2.4,1.01,0.11
Calm,Open,25,50,Shukla Rikta,183,27.9,20.2,26.4,23.1,1.5,-2.9,1.21,-0.21
Calm,Open,25,75,Krishna Jaya,216,35.2,20.4,26.4,23.1,8.8,-2.7,1.51,-0.47
Calm,Open,25,75,Krishna Nanda,182,26.4,23.6,26.4,23.1,-0.0,0.5,0.98,-0.19
Calm,Open,25,75,Krishna Purna,100,24.0,18.0,26.4,23.1,-2.4,-5.1,1.17,-0.07
Calm,Open,25,75,Krishna Rikta,46,30.4,17.4,26.4,23.1,4.0,-5.7,1.53,-0.2
Calm,Open,25,75,Shukla Jaya,89,34.8,14.6,26.4,23.1,8.4,-8.5,2.09,-0.47
Calm,Open,25,75,Shukla Nanda,115,25.2,27.0,26.4,23.1,-1.2,3.8,0.82,-0.16
Calm,Open,25,75,Shukla Purna,202,22.3,28.7,26.4,23.1,-4.1,5.6,0.68,0.61
Calm,Open,25,75,Shukla Rikta,46,28.3,19.6,26.4,23.1,1.8,-3.5,1.26,-0.41
Calm,Open,50,25,Krishna Purna,47,31.9,17.0,26.4,23.1,5.5,-6.1,1.64,-0.25
Calm,Open,50,50,Krishna Bhadra,101,29.7,23.8,26.4,23.1,3.3,0.7,1.09,-0.06
Calm,Open,50,50,Krishna Jaya,310,31.9,18.1,26.4,23.1,5.5,-5.0,1.55,-0.36
Calm,Open,50,50,Krishna Nanda,427,23.7,21.1,26.4,23.1,-2.8,-2.0,0.98,0.01
Calm,Open,50,50,Krishna Purna,338,29.0,21.3,26.4,23.1,2.6,-1.8,1.19,-0.37
Calm,Open,50,50,Krishna Rikta,195,31.8,13.3,26.4,23.1,5.4,-9.8,2.09,-0.55
Calm,Open,50,50,Shukla Bhadra,269,27.1,23.4,26.4,23.1,0.7,0.3,1.01,-0.17
Calm,Open,50,50,Shukla Jaya,292,27.7,28.1,26.4,23.1,1.3,5.0,0.86,0.09
Calm,Open,50,50,Shukla Nanda,342,31.9,22.5,26.4,23.1,5.5,-0.6,1.24,-0.38
Calm,Open,50,50,Shukla Purna,514,31.3,18.3,26.4,23.1,4.9,-4.8,1.5,-0.41
Calm,Open,50,50,Shukla Rikta,84,26.2,17.9,26.4,23.1,-0.2,-5.3,1.28,-0.37
Calm,Open,50,75,Krishna Bhadra,189,18.5,23.3,26.4,23.1,-7.9,0.2,0.7,0.34
Calm,Open,50,75,Krishna Jaya,116,28.4,19.8,26.4,23.1,2.0,-3.3,1.26,-0.2
Calm,Open,50,75,Krishna Nanda,103,22.3,31.1,26.4,23.1,-4.1,8.0,0.63,0.41
Calm,Open,50,75,Krishna Purna,201,30.8,21.9,26.4,23.1,4.4,-1.2,1.23,-0.44
Calm,Open,50,75,Shukla Bhadra,153,20.9,28.1,26.4,23.1,-5.5,5.0,0.65,0.43
Calm,Open,50,75,Shukla Jaya,73,23.3,24.7,26.4,23.1,-3.1,1.5,0.83,0.04
Calm,Open,50,75,Shukla Nanda,205,32.2,22.9,26.4,23.1,5.8,-0.2,1.23,-0.39
Calm,Open,50,75,Shukla Purna,224,33.9,17.4,26.4,23.1,7.5,-5.7,1.71,-0.66
Calm,Open,50,75,Shukla Rikta,259,26.6,18.9,26.4,23.1,0.2,-4.2,1.23,-0.06
Calm,Open,75,50,Krishna Bhadra,92,37.0,17.4,26.4,23.1,10.5,-5.7,1.86,-0.64
Calm,Open,75,50,Krishna Jaya,55,25.5,25.5,26.4,23.1,-1.0,2.3,0.87,0.58
Calm,Open,75,50,Krishna Nanda,45,22.2,26.7,26.4,23.1,-4.2,3.6,0.73,0.24
Calm,Open,75,50,Krishna Purna,171,15.8,28.7,26.4,23.1,-10.6,5.5,0.48,0.53
Calm,Open,75,50,Krishna Rikta,92,28.3,17.4,26.4,23.1,1.8,-5.7,1.42,-0.13
Calm,Open,75,50,Shukla Jaya,71,26.8,19.7,26.4,23.1,0.3,-3.4,1.19,-0.13
Calm,Open,75,50,Shukla Nanda,75,37.3,14.7,26.4,23.1,10.9,-8.4,2.23,-1.0
Calm,Open,75,50,Shukla Purna,57,17.5,29.8,26.4,23.1,-8.9,6.7,0.51,1.19
Calm,Open,75,50,Shukla Rikta,102,24.5,16.7,26.4,23.1,-1.9,-6.4,1.29,-0.05
Calm,Positioning,0,0,Krishna Bhadra,60,16.7,21.7,24.2,22.6,-7.5,-1.0,0.72,0.7
Calm,Positioning,0,0,Krishna Jaya,43,23.3,32.6,24.2,22.6,-0.9,9.9,0.67,0.72
Calm,Positioning,0,0,Krishna Nanda,44,13.6,43.2,24.2,22.6,-10.5,20.5,0.3,1.32
Calm,Positioning,0,0,Krishna Purna,32,18.8,34.4,24.2,22.6,-5.4,11.7,0.51,0.7
Calm,Positioning,0,0,Krishna Rikta,38,7.9,31.6,24.2,22.6,-16.3,8.9,0.23,1.42
Calm,Positioning,0,0,Shukla Bhadra,62,11.3,33.9,24.2,22.6,-12.9,11.2,0.31,0.86
Calm,Positioning,0,0,Shukla Jaya,46,21.7,39.1,24.2,22.6,-2.4,16.5,0.52,1.0
Calm,Positioning,0,0,Shukla Purna,62,14.5,33.9,24.2,22.6,-9.6,11.2,0.4,0.93
Calm,Positioning,0,0,Shukla Rikta,36,13.9,44.4,24.2,22.6,-10.3,21.8,0.29,1.5
Calm,Positioning,25,25,Krishna Bhadra,51,35.3,15.7,24.2,22.6,11.1,-6.9,2.11,-0.47
Calm,Positioning,25,25,Krishna Nanda,38,31.6,23.7,24.2,22.6,7.4,1.1,1.25,-0.3
Calm,Positioning,25,25,Shukla Jaya,42,14.3,23.8,24.2,22.6,-9.9,1.2,0.56,0.19
Calm,Positioning,25,25,Shukla Rikta,33,21.2,27.3,24.2,22.6,-2.9,4.6,0.73,0.0
Calm,Positioning,25,50,Krishna Bhadra,51,21.6,11.8,24.2,22.6,-2.6,-10.9,1.72,0.07
Calm,Positioning,25,50,Krishna Jaya,73,23.3,17.8,24.2,22.6,-0.9,-4.8,1.22,-0.48
Calm,Positioning,25,50,Krishna Nanda,101,27.7,21.8,24.2,22.6,3.6,-0.9,1.19,-0.25
Calm,Positioning,25,50,Krishna Purna,70,31.4,22.9,24.2,22.6,7.3,0.2,1.29,-0.62
Calm,Positioning,25,50,Krishna Rikta,90,26.7,26.7,24.2,22.6,2.5,4.0,0.94,0.14
Calm,Positioning,25,50,Shukla Bhadra,105,24.8,25.7,24.2,22.6,0.6,3.1,0.9,0.04
Calm,Positioning,25,50,Shukla Jaya,86,29.1,14.0,24.2,22.6,4.9,-8.7,1.95,-0.22
Calm,Positioning,25,50,Shukla Nanda,67,28.4,28.4,24.2,22.6,4.2,5.7,0.94,0.25
Calm,Positioning,25,50,Shukla Purna,93,21.5,14.0,24.2,22.6,-2.7,-8.7,1.44,-0.41
Calm,Positioning,25,50,Shukla Rikta,92,25.0,31.5,24.2,22.6,0.8,8.9,0.74,0.49
Calm,Positioning,25,75,Krishna Jaya,61,14.8,18.0,24.2,22.6,-9.4,-4.6,0.77,-0.05
Calm,Positioning,25,75,Krishna Nanda,61,23.0,21.3,24.2,22.6,-1.2,-1.3,1.01,-0.14
Calm,Positioning,25,75,Krishna Purna,111,24.3,25.2,24.2,22.6,0.2,2.6,0.9,-0.04
Calm,Positioning,25,75,Shukla Bhadra,93,15.1,26.9,24.2,22.6,-9.1,4.2,0.52,0.67
Calm,Positioning,25,75,Shukla Jaya,49,36.7,14.3,24.2,22.6,12.6,-8.3,2.41,-0.7
Calm,Positioning,25,75,Shukla Purna,85,32.9,22.4,24.2,22.6,8.8,-0.3,1.38,-0.37
Calm,Positioning,25,75,Shukla Rikta,77,13.0,26.0,24.2,22.6,-11.2,3.3,0.47,0.71
Calm,Positioning,50,50,Krishna Bhadra,168,32.7,11.3,24.2,22.6,8.6,-11.3,2.71,-0.95
Calm,Positioning,50,50,Krishna Jaya,135,17.8,25.2,24.2,22.6,-6.4,2.6,0.66,0.29
Calm,Positioning,50,50,Krishna Nanda,173,28.9,19.1,24.2,22.6,4.7,-3.6,1.42,-0.26
Calm,Positioning,50,50,Krishna Purna,106,26.4,22.6,24.2,22.6,2.3,0.0,1.09,-0.2
Calm,Positioning,50,50,Krishna Rikta,162,21.0,26.5,24.2,22.6,-3.2,3.9,0.74,0.24
Calm,Positioning,50,50,Shukla Bhadra,305,22.0,21.6,24.2,22.6,-2.2,-1.0,0.95,-0.05
Calm,Positioning,50,50,Shukla Jaya,196,20.9,19.9,24.2,22.6,-3.2,-2.7,0.98,0.03
Calm,Positioning,50,50,Shukla Nanda,118,33.1,20.3,24.2,22.6,8.9,-2.3,1.52,-0.43
Calm,Positioning,50,50,Shukla Purna,215,26.0,18.1,24.2,22.6,1.9,-4.5,1.35,-0.46
Calm,Positioning,50,50,Shukla Rikta,156,23.7,26.3,24.2,22.6,-0.4,3.6,0.85,0.22
Calm,Positioning,50,75,Krishna Bhadra,124,26.6,25.0,24.2,22.6,2.5,2.4,1.0,0.06
Calm,Positioning,50,75,Krishna Jaya,95,23.2,27.4,24.2,22.6,-1.0,4.7,0.79,0.31
Calm,Positioning,50,75,Krishna Nanda,80,15.0,30.0,24.2,22.6,-9.2,7.4,0.47,0.69
Calm,Positioning,50,75,Krishna Purna,96,20.8,19.8,24.2,22.6,-3.3,-2.8,0.99,-0.33
Calm,Positioning,50,75,Krishna Rikta,157,21.7,20.4,24.2,22.6,-2.5,-2.3,1.0,0.07
Calm,Positioning,50,75,Shukla Bhadra,48,20.8,22.9,24.2,22.6,-3.3,0.3,0.85,-0.16
Calm,Positioning,50,75,Shukla Jaya,122,27.0,18.0,24.2,22.6,2.9,-4.6,1.41,-0.2
Calm,Positioning,50,75,Shukla Nanda,80,27.5,15.0,24.2,22.6,3.3,-7.6,1.72,-0.21
Calm,Positioning,50,75,Shukla Purna,146,30.1,17.1,24.2,22.6,6.0,-5.5,1.65,-0.49
Calm,Positioning,50,75,Shukla Rikta,131,26.0,17.6,24.2,22.6,1.8,-5.1,1.38,-0.21
Calm,Positioning,75,50,Krishna Bhadra,100,30.0,19.0,24.2,22.6,5.8,-3.6,1.48,-0.0
Calm,Positioning,75,50,Krishna Nanda,62,17.7,25.8,24.2,22.6,-6.4,3.2,0.64,0.07
Calm,Positioning,75,50,Krishna Purna,62,12.9,33.9,24.2,22.6,-11.3,11.2,0.36,0.94
Calm,Positioning,75,50,Krishna Rikta,49,32.7,14.3,24.2,22.6,8.5,-8.3,2.14,-0.11
Calm,Positioning,75,50,Shukla Jaya,63,31.7,23.8,24.2,22.6,7.6,1.2,1.25,-0.23
Calm,Positioning,75,50,Shukla Purna,40,12.5,32.5,24.2,22.6,-11.7,9.9,0.36,0.44
Calm,REMOVE,0,0,Krishna Jaya,145,33.8,30.3,26.5,30.3,7.3,0.0,1.27,-0.66
Calm,REMOVE,0,0,Krishna Nanda,131,22.1,34.4,26.5,30.3,-4.3,4.0,0.74,0.65
Calm,REMOVE,0,0,Krishna Purna,120,16.7,40.0,26.5,30.3,-9.8,9.7,0.48,0.84
Calm,REMOVE,0,0,Krishna Rikta,152,31.6,30.3,26.5,30.3,5.1,-0.0,1.19,-0.13
Calm,REMOVE,0,0,Shukla Bhadra,64,45.3,25.0,26.5,30.3,18.8,-5.3,2.07,-1.86
Calm,REMOVE,0,0,Shukla Jaya,39,46.2,17.9,26.5,30.3,19.7,-12.4,2.94,-1.68
Calm,REMOVE,0,0,Shukla Nanda,57,19.3,52.6,26.5,30.3,-7.2,22.3,0.42,1.52
Calm,REMOVE,25,25,Krishna Nanda,40,25.0,22.5,26.5,30.3,-1.5,-7.8,1.27,-0.58
Calm,REMOVE,25,25,Shukla Purna,32,25.0,21.9,26.5,30.3,-1.5,-8.4,1.31,-0.18
Calm,REMOVE,25,50,Krishna Jaya,44,22.7,25.0,26.5,30.3,-3.8,-5.3,1.04,-0.07
Calm,REMOVE,25,50,Krishna Nanda,58,24.1,25.9,26.5,30.3,-2.3,-4.4,1.07,-0.33
Calm,REMOVE,25,50,Krishna Purna,92,18.5,28.3,26.5,30.3,-8.0,-2.0,0.75,0.7
Calm,REMOVE,25,50,Krishna Rikta,36,19.4,30.6,26.5,30.3,-7.0,0.3,0.73,0.74
Calm,REMOVE,25,50,Shukla Bhadra,45,35.6,37.8,26.5,30.3,9.1,7.5,1.08,0.75
Calm,REMOVE,25,50,Shukla Nanda,55,25.5,30.9,26.5,30.3,-1.0,0.6,0.94,0.16
Calm,REMOVE,25,50,Shukla Purna,51,33.3,23.5,26.5,30.3,6.9,-6.8,1.62,-0.6
Calm,REMOVE,25,50,Shukla Rikta,65,20.0,29.2,26.5,30.3,-6.5,-1.1,0.78,0.32
Calm,REMOVE,25,75,Shukla Purna,39,25.6,20.5,26.5,30.3,-0.8,-9.8,1.43,-0.57
Calm,REMOVE,25,75,Shukla Rikta,38,26.3,21.1,26.5,30.3,-0.2,-9.3,1.43,0.38
Calm,REMOVE,50,50,Krishna Bhadra,36,33.3,22.2,26.5,30.3,6.9,-8.1,1.72,-0.48
Calm,REMOVE,50,50,Krishna Jaya,46,19.6,28.3,26.5,30.3,-6.9,-2.0,0.79,0.53
Calm,REMOVE,50,50,Krishna Nanda,113,27.4,28.3,26.5,30.3,1.0,-2.0,1.11,0.03
Calm,REMOVE,50,50,Krishna Purna,171,18.1,32.2,26.5,30.3,-8.3,1.9,0.65,0.6
Calm,REMOVE,50,50,Shukla Bhadra,119,30.3,35.3,26.5,30.3,3.8,5.0,0.98,0.3
Calm,REMOVE,50,50,Shukla Nanda,118,23.7,28.8,26.5,30.3,-2.7,-1.5,0.94,0.4
Calm,REMOVE,50,50,Shukla Purna,94,38.3,24.5,26.5,30.3,11.8,-5.8,1.79,-0.22
Calm,REMOVE,50,50,Shukla Rikta,92,22.8,32.6,26.5,30.3,-3.7,2.3,0.8,0.96
Calm,REMOVE,50,75,Krishna Jaya,89,24.7,28.1,26.5,30.3,-1.8,-2.2,1.01,-0.11
Calm,REMOVE,50,75,Krishna Nanda,106,25.5,25.5,26.5,30.3,-1.0,-4.8,1.14,-0.17
Calm,REMOVE,50,75,Krishna Purna,52,19.2,25.0,26.5,30.3,-7.2,-5.3,0.88,0.24
Calm,REMOVE,50,75,Krishna Rikta,71,26.8,25.4,26.5,30.3,0.3,-5.0,1.21,-0.3
Calm,REMOVE,50,75,Shukla Bhadra,79,20.3,48.1,26.5,30.3,-6.2,17.8,0.48,1.5
Calm,REMOVE,50,75,Shukla Jaya,40,20.0,55.0,26.5,30.3,-6.5,24.7,0.42,2.8
Calm,REMOVE,50,75,Shukla Nanda,94,23.4,27.7,26.5,30.3,-3.1,-2.6,0.97,0.46
Calm,REMOVE,50,75,Shukla Purna,120,31.7,20.8,26.5,30.3,5.2,-9.5,1.74,-0.55
Calm,REMOVE,50,75,Shukla Rikta,61,24.6,39.3,26.5,30.3,-1.9,9.0,0.72,0.83
Calm,REMOVE,75,50,Krishna Jaya,46,32.6,28.3,26.5,30.3,6.1,-2.0,1.32,-0.29
Calm,REMOVE,75,50,Krishna Purna,35,17.1,28.6,26.5,30.3,-9.3,-1.7,0.69,0.54
Calm,REMOVE,75,50,Krishna Rikta,40,20.0,30.0,26.5,30.3,-6.5,-0.3,0.76,0.93
Calm,REMOVE,75,50,Shukla Nanda,54,35.2,29.6,26.5,30.3,8.7,-0.7,1.36,0.28
Calm,Survival,0,0,Krishna Bhadra,110,10.9,42.7,24.7,25.4,-13.8,17.3,0.26,1.53
Calm,Survival,0,0,Krishna Jaya,99,14.1,35.4,24.7,25.4,-10.5,10.0,0.41,1.18
Calm,Survival,0,0,Krishna Nanda,101,13.9,42.6,24.7,25.4,-10.8,17.2,0.33,1.36
Calm,Survival,0,0,Krishna Rikta,101,17.8,38.6,24.7,25.4,-6.9,13.2,0.47,1.16
Calm,Survival,0,0,Shukla Bhadra,62,12.9,38.7,24.7,25.4,-11.8,13.3,0.34,1.68
Calm,Survival,0,0,Shukla Jaya,112,13.4,37.5,24.7,25.4,-11.3,12.1,0.37,1.34
Calm,Survival,0,0,Shukla Nanda,128,14.8,47.7,24.7,25.4,-9.8,22.3,0.32,1.9
Calm,Survival,0,0,Shukla Purna,169,12.4,46.7,24.7,25.4,-12.3,21.4,0.27,1.86
Calm,Survival,0,0,Shukla Rikta,111,15.3,40.5,24.7,25.4,-9.4,15.1,0.39,1.27
Calm,Survival,0,50,Shukla Nanda,30,43.3,23.3,24.7,25.4,18.6,-2.1,1.91,-0.47
Calm,Survival,25,25,Shukla Nanda,35,42.9,17.1,24.7,25.4,18.2,-8.2,2.57,-0.78
Calm,Survival,25,25,Shukla Purna,86,25.6,24.4,24.7,25.4,0.9,-1.0,1.08,0.15
Calm,Survival,25,25,Shukla Rikta,59,30.5,20.3,24.7,25.4,5.8,-5.1,1.54,-0.03
Calm,Survival,25,50,Krishna Bhadra,124,29.8,20.2,24.7,25.4,5.1,-5.2,1.52,-0.51
Calm,Survival,25,50,Krishna Jaya,97,30.9,17.5,24.7,25.4,6.2,-7.9,1.81,-0.45
Calm,Survival,25,50,Krishna Nanda,157,25.5,22.3,24.7,25.4,0.8,-3.1,1.18,-0.19
Calm,Survival,25,50,Krishna Rikta,132,19.7,25.0,24.7,25.4,-5.0,-0.4,0.81,0.05
Calm,Survival,25,50,Shukla Bhadra,61,27.9,21.3,24.7,25.4,3.2,-4.1,1.34,-0.03
Calm,Survival,25,50,Shukla Jaya,115,29.6,13.9,24.7,25.4,4.9,-11.5,2.19,-0.57
Calm,Survival,25,50,Shukla Nanda,130,27.7,16.2,24.7,25.4,3.0,-9.2,1.76,-0.19
Calm,Survival,25,50,Shukla Purna,82,22.0,24.4,24.7,25.4,-2.7,-1.0,0.93,0.24
Calm,Survival,25,50,Shukla Rikta,149,26.2,16.1,24.7,25.4,1.5,-9.3,1.67,-0.3
Calm,Survival,25,75,Krishna Bhadra,93,25.8,25.8,24.7,25.4,1.1,0.4,1.03,0.01
Calm,Survival,25,75,Krishna Jaya,44,29.5,25.0,24.7,25.4,4.9,-0.4,1.22,-0.29
Calm,Survival,25,75,Krishna Nanda,100,20.0,21.0,24.7,25.4,-4.7,-4.4,0.98,0.11
Calm,Survival,25,75,Krishna Rikta,88,30.7,27.3,24.7,25.4,6.0,1.9,1.16,0.16
Calm,Survival,25,75,Shukla Nanda,126,32.5,19.8,24.7,25.4,7.8,-5.6,1.69,-0.31
Calm,Survival,25,75,Shukla Purna,155,27.7,21.3,24.7,25.4,3.1,-4.1,1.34,-0.06
Calm,Survival,50,25,Shukla Jaya,33,18.2,30.3,24.7,25.4,-6.5,4.9,0.62,0.38
Calm,Survival,50,50,Krishna Bhadra,178,29.2,15.7,24.7,25.4,4.5,-9.7,1.91,-0.28
Calm,Survival,50,50,Krishna Jaya,228,23.7,20.6,24.7,25.4,-1.0,-4.8,1.18,-0.21
Calm,Survival,50,50,Krishna Nanda,173,20.8,24.9,24.7,25.4,-3.9,-0.5,0.86,0.1
Calm,Survival,50,50,Krishna Purna,49,12.2,36.7,24.7,25.4,-12.4,11.3,0.34,1.17
Calm,Survival,50,50,Krishna Rikta,126,27.8,25.4,24.7,25.4,3.1,0.0,1.12,-0.11
Calm,Survival,50,50,Shukla Bhadra,149,24.2,26.2,24.7,25.4,-0.5,0.8,0.95,0.26
Calm,Survival,50,50,Shukla Jaya,202,28.2,18.8,24.7,25.4,3.5,-6.6,1.54,-0.24
Calm,Survival,50,50,Shukla Nanda,293,30.4,21.8,24.7,25.4,5.7,-3.5,1.43,-0.14
Calm,Survival,50,50,Shukla Purna,285,20.4,26.0,24.7,25.4,-4.3,0.6,0.81,0.45
Calm,Survival,50,50,Shukla Rikta,264,30.7,24.6,24.7,25.4,6.0,-0.8,1.28,-0.2
Calm,Survival,50,75,Krishna Bhadra,166,24.7,22.9,24.7,25.4,0.0,-2.5,1.11,0.04
Calm,Survival,50,75,Krishna Jaya,51,27.5,25.5,24.7,25.4,2.8,0.1,1.11,-0.32
Calm,Survival,50,75,Krishna Nanda,48,16.7,20.8,24.7,25.4,-8.0,-4.6,0.82,-0.15
Calm,Survival,50,75,Krishna Rikta,62,22.6,29.0,24.7,25.4,-2.1,3.6,0.8,0.3
Calm,Survival,50,75,Shukla Bhadra,75,28.0,28.0,24.7,25.4,3.3,2.6,1.03,0.13
Calm,Survival,50,75,Shukla Jaya,112,25.0,24.1,24.7,25.4,0.3,-1.3,1.07,-0.08
Calm,Survival,50,75,Shukla Nanda,172,37.8,16.3,24.7,25.4,13.1,-9.1,2.39,-0.86
Calm,Survival,50,75,Shukla Purna,142,27.5,22.5,24.7,25.4,2.8,-2.9,1.25,-0.11
Calm,Survival,50,75,Shukla Rikta,274,24.8,27.4,24.7,25.4,0.1,2.0,0.93,0.22
Calm,Survival,75,50,Krishna Jaya,77,22.1,23.4,24.7,25.4,-2.6,-2.0,0.97,-0.21
Calm,Survival,75,50,Krishna Nanda,66,30.3,21.2,24.7,25.4,5.6,-4.2,1.47,-0.16
Calm,Survival,75,50,Krishna Purna,35,25.7,34.3,24.7,25.4,1.0,8.9,0.77,0.36
Calm,Survival,75,50,Krishna Rikta,49,18.4,26.5,24.7,25.4,-6.3,1.1,0.71,0.28
Calm,Survival,75,50,Shukla Jaya,50,18.0,28.0,24.7,25.4,-6.7,2.6,0.66,0.36
Calm,Survival,75,50,Shukla Nanda,94,27.7,23.4,24.7,25.4,3.0,-2.0,1.22,-0.12
Calm,Survival,75,50,Shukla Purna,55,25.5,25.5,24.7,25.4,0.8,0.1,1.03,-0.07
Calm,Survival,75,50,Shukla Rikta,50,36.0,14.0,24.7,25.4,11.3,-11.4,2.64,-0.63
Moderate,Closing,0,0,Krishna Jaya,40,12.5,35.0,25.6,21.9,-13.1,13.1,0.3,1.06
Moderate,Closing,0,0,Krishna Nanda,46,17.4,15.2,25.6,21.9,-8.2,-6.6,0.98,0.02
Moderate,Closing,0,0,Shukla Bhadra,33,12.1,39.4,25.6,21.9,-13.5,17.5,0.26,1.24
Moderate,Closing,0,0,Shukla Purna,48,29.2,33.3,25.6,21.9,3.5,11.5,0.75,0.4
Moderate,Closing,0,25,Shukla Jaya,33,39.4,15.2,25.6,21.9,13.8,-6.7,2.22,-1.11
Moderate,Closing,25,25,Shukla Bhadra,43,23.3,14.0,25.6,21.9,-2.4,-7.9,1.42,0.18
Moderate,Closing,25,25,Shukla Purna,30,36.7,16.7,25.6,21.9,11.0,-5.2,1.88,-0.3
Moderate,Closing,25,50,Krishna Jaya,65,23.1,16.9,25.6,21.9,-2.5,-4.9,1.16,-0.23
Moderate,Closing,25,50,Krishna Nanda,75,29.3,24.0,25.6,21.9,3.7,2.1,1.04,-0.09
Moderate,Closing,25,50,Krishna Purna,88,25.0,25.0,25.6,21.9,-0.6,3.1,0.85,0.15
Moderate,Closing,25,50,Krishna Rikta,55,29.1,7.3,25.6,21.9,3.5,-14.6,3.41,-0.72
Moderate,Closing,25,50,Shukla Jaya,34,35.3,32.4,25.6,21.9,9.7,10.5,0.93,0.04
Moderate,Closing,25,50,Shukla Nanda,44,22.7,27.3,25.6,21.9,-2.9,5.4,0.71,0.33
Moderate,Closing,25,50,Shukla Purna,59,37.3,11.9,25.6,21.9,11.7,-10.0,2.68,-1.04
Moderate,Closing,25,75,Krishna Jaya,77,27.3,19.5,25.6,21.9,1.7,-2.4,1.19,-0.31
Moderate,Closing,25,75,Krishna Nanda,30,40.0,13.3,25.6,21.9,14.4,-8.5,2.56,-0.96
Moderate,Closing,25,75,Krishna Purna,55,29.1,20.0,25.6,21.9,3.5,-1.9,1.24,-0.24
Moderate,Closing,25,75,Krishna Rikta,38,18.4,21.1,25.6,21.9,-7.2,-0.8,0.75,0.16
Moderate,Closing,25,75,Shukla Bhadra,44,20.5,34.1,25.6,21.9,-5.2,12.2,0.51,0.75
Moderate,Closing,25,75,Shukla Jaya,48,35.4,18.8,25.6,21.9,9.8,-3.1,1.61,-0.3
Moderate,Closing,50,50,Krishna Bhadra,89,18.0,25.8,25.6,21.9,-7.6,4.0,0.59,0.3
Moderate,Closing,50,50,Krishna Jaya,93,23.7,23.7,25.6,21.9,-2.0,1.8,0.85,-0.09
Moderate,Closing,50,50,Krishna Nanda,126,27.0,23.8,25.6,21.9,1.4,2.0,0.97,-0.21
Moderate,Closing,50,50,Krishna Purna,87,25.3,14.9,25.6,21.9,-0.3,-6.9,1.44,-0.56
Moderate,Closing,50,50,Krishna Rikta,90,22.2,24.4,25.6,21.9,-3.4,2.6,0.78,0.19
Moderate,Closing,50,50,Shukla Bhadra,103,20.4,19.4,25.6,21.9,-5.2,-2.4,0.9,0.1
Moderate,Closing,50,50,Shukla Jaya,47,31.9,17.0,25.6,21.9,6.3,-4.8,1.6,-0.38
Moderate,Closing,50,50,Shukla Nanda,94,25.5,20.2,25.6,21.9,-0.1,-1.6,1.08,-0.26
Moderate,Closing,50,50,Shukla Purna,146,34.2,21.9,25.6,21.9,8.6,0.1,1.33,-0.41
Moderate,Closing,50,50,Shukla Rikta,35,45.7,17.1,25.6,21.9,20.1,-4.7,2.28,-1.46
Moderate,Closing,50,75,Krishna Bhadra,33,24.2,21.2,25.6,21.9,-1.4,-0.6,0.98,0.18
Moderate,Closing,50,75,Krishna Jaya,35,25.7,20.0,25.6,21.9,0.1,-1.9,1.1,-0.09
Moderate,Closing,50,75,Krishna Nanda,112,18.8,20.5,25.6,21.9,-6.9,-1.3,0.78,-0.13
Moderate,Closing,50,75,Krishna Rikta,85,20.0,29.4,25.6,21.9,-5.6,7.6,0.58,0.35
Moderate,Closing,50,75,Shukla Bhadra,59,25.4,16.9,25.6,21.9,-0.2,-4.9,1.28,-0.24
Moderate,Closing,50,75,Shukla Nanda,98,28.6,26.5,25.6,21.9,3.0,4.7,0.92,-0.07
Moderate,Closing,50,75,Shukla Purna,98,35.7,17.3,25.6,21.9,10.1,-4.5,1.76,-0.49
Moderate,Closing,50,75,Shukla Rikta,31,64.5,12.9,25.6,21.9,38.9,-9.0,4.27,-2.35
Moderate,Closing,75,50,Krishna Jaya,80,26.3,17.5,25.6,21.9,0.6,-4.4,1.28,-0.36
Moderate,Closing,75,50,Krishna Nanda,41,29.3,22.0,25.6,21.9,3.6,0.1,1.14,0.02
Moderate,Closing,75,50,Krishna Rikta,72,16.7,20.8,25.6,21.9,-9.0,-1.0,0.68,0.35
Moderate,Closing,75,50,Shukla Bhadra,37,16.2,24.3,25.6,21.9,-9.4,2.5,0.57,0.13
Moderate,Mixed,25,50,Shukla Bhadra,61,16.4,32.8,11.0,37.0,5.4,-4.2,1.68,0.55
Moderate,Mixed,50,75,Shukla Bhadra,64,9.4,37.5,11.0,37.0,-1.7,0.5,0.84,1.13
Moderate,Open,0,0,Krishna Bhadra,159,11.9,51.6,25.1,24.7,-13.2,26.9,0.23,2.12
Moderate,Open,0,0,Krishna Jaya,63,15.9,50.8,25.1,24.7,-9.2,26.1,0.31,1.47
Moderate,Open,0,0,Krishna Nanda,50,16.0,26.0,25.1,24.7,-9.1,1.3,0.61,0.63
Moderate,Open,0,0,Krishna Purna,73,19.2,30.1,25.1,24.7,-5.9,5.4,0.63,0.9
Moderate,Open,0,0,Krishna Rikta,147,17.0,32.7,25.1,24.7,-8.1,7.9,0.51,0.76
Moderate,Open,0,0,Shukla Bhadra,141,18.4,38.3,25.1,24.7,-6.7,13.6,0.47,0.99
Moderate,Open,0,0,Shukla Jaya,157,19.1,39.5,25.1,24.7,-6.0,14.8,0.48,1.17
Moderate,Open,0,0,Shukla Nanda,125,10.4,47.2,25.1,24.7,-14.7,22.5,0.22,1.92
Moderate,Open,0,0,Shukla Purna,52,13.5,51.9,25.1,24.7,-11.6,27.2,0.26,2.12
Moderate,Open,0,0,Shukla Rikta,140,12.1,42.1,25.1,24.7,-13.0,17.4,0.28,1.34
Moderate,Open,0,50,Shukla Bhadra,43,20.9,16.3,25.1,24.7,-4.2,-8.4,1.27,-0.24
Moderate,Open,25,25,Krishna Nanda,33,12.1,39.4,25.1,24.7,-13.0,14.7,0.3,1.02
Moderate,Open,25,25,Krishna Rikta,35,20.0,22.9,25.1,24.7,-5.1,-1.9,0.86,-0.32
Moderate,Open,25,25,Shukla Bhadra,48,33.3,14.6,25.1,24.7,8.2,-10.1,2.25,-0.51
Moderate,Open,25,25,Shukla Rikta,40,30.0,27.5,25.1,24.7,4.9,2.8,1.07,0.06
Moderate,Open,25,50,Krishna Bhadra,190,20.5,27.9,25.1,24.7,-4.6,3.2,0.72,0.36
Moderate,Open,25,50,Krishna Jaya,70,21.4,22.9,25.1,24.7,-3.7,-1.9,0.92,0.19
Moderate,Open,25,50,Krishna Nanda,68,23.5,23.5,25.1,24.7,-1.6,-1.2,0.98,-0.11
Moderate,Open,25,50,Krishna Rikta,87,27.6,16.1,25.1,24.7,2.5,-8.6,1.69,-0.37
Moderate,Open,25,50,Shukla Bhadra,92,32.6,10.9,25.1,24.7,7.5,-13.8,2.95,-0.53
Moderate,Open,25,50,Shukla Jaya,142,26.1,26.8,25.1,24.7,1.0,2.0,0.96,0.1
Moderate,Open,25,50,Shukla Nanda,148,31.1,16.9,25.1,24.7,6.0,-7.8,1.81,-0.57
Moderate,Open,25,50,Shukla Purna,30,13.3,33.3,25.1,24.7,-11.8,8.6,0.39,1.08
Moderate,Open,25,50,Shukla Rikta,97,28.9,24.7,25.1,24.7,3.8,0.0,1.15,-0.24
Moderate,Open,25,75,Krishna Bhadra,148,18.9,29.1,25.1,24.7,-6.2,4.3,0.64,0.42
Moderate,Open,25,75,Krishna Purna,30,50.0,3.3,25.1,24.7,24.9,-21.4,14.77,-2.23
Moderate,Open,25,75,Shukla Bhadra,123,29.3,17.1,25.1,24.7,4.2,-7.6,1.69,-0.2
Moderate,Open,25,75,Shukla Jaya,91,26.4,23.1,25.1,24.7,1.3,-1.6,1.13,0.09
Moderate,Open,50,25,Krishna Purna,47,23.4,12.8,25.1,24.7,-1.7,-11.9,1.81,-0.55
Moderate,Open,50,50,Krishna Bhadra,155,25.2,19.4,25.1,24.7,0.1,-5.4,1.28,-0.28
Moderate,Open,50,50,Krishna Jaya,205,25.4,23.4,25.1,24.7,0.3,-1.3,1.07,-0.4
Moderate,Open,50,50,Krishna Nanda,125,29.6,14.4,25.1,24.7,4.5,-10.3,2.02,-0.44
Moderate,Open,50,50,Krishna Purna,116,25.9,21.6,25.1,24.7,0.8,-3.2,1.18,-0.09
Moderate,Open,50,50,Krishna Rikta,194,34.0,15.5,25.1,24.7,8.9,-9.2,2.17,-0.73
Moderate,Open,50,50,Shukla Bhadra,141,34.0,16.3,25.1,24.7,8.9,-8.4,2.05,-0.35
Moderate,Open,50,50,Shukla Jaya,369,30.1,22.0,25.1,24.7,5.0,-2.8,1.35,-0.14
Moderate,Open,50,50,Shukla Nanda,279,23.7,24.7,25.1,24.7,-1.4,0.0,0.94,-0.05
Moderate,Open,50,50,Shukla Purna,165,20.0,28.5,25.1,24.7,-5.1,3.8,0.69,0.17
Moderate,Open,50,50,Shukla Rikta,194,26.8,24.7,25.1,24.7,1.7,0.0,1.07,-0.16
Moderate,Open,50,75,Krishna Bhadra,148,24.3,23.0,25.1,24.7,-0.8,-1.7,1.04,-0.04
Moderate,Open,50,75,Krishna Jaya,69,26.1,17.4,25.1,24.7,1.0,-7.3,1.48,-0.34
Moderate,Open,50,75,Krishna Nanda,114,33.3,19.3,25.1,24.7,8.2,-5.4,1.7,-0.47
Moderate,Open,50,75,Krishna Purna,99,35.4,9.1,25.1,24.7,10.3,-15.6,3.83,-1.15
Moderate,Open,50,75,Krishna Rikta,96,20.8,20.8,25.1,24.7,-4.3,-3.9,0.98,-0.16
Moderate,Open,50,75,Shukla Bhadra,97,26.8,15.5,25.1,24.7,1.7,-9.2,1.71,-0.16
Moderate,Open,50,75,Shukla Jaya,171,33.3,19.9,25.1,24.7,8.2,-4.8,1.65,-0.01
Moderate,Open,50,75,Shukla Nanda,97,22.7,25.8,25.1,24.7,-2.4,1.1,0.87,0.08
Moderate,Open,50,75,Shukla Purna,143,18.2,16.8,25.1,24.7,-6.9,-7.9,1.07,0.02
Moderate,Open,50,75,Shukla Rikta,145,25.5,28.3,25.1,24.7,0.4,3.6,0.89,0.34
Moderate,Open,75,50,Krishna Bhadra,178,19.1,29.8,25.1,24.7,-6.0,5.1,0.63,0.47
Moderate,Open,75,50,Krishna Jaya,90,24.4,23.3,25.1,24.7,-0.7,-1.4,1.03,-0.12
Moderate,Open,75,50,Krishna Nanda,35,20.0,51.4,25.1,24.7,-5.1,26.7,0.38,1.13
Moderate,Open,75,50,Krishna Purna,62,32.3,12.9,25.1,24.7,7.2,-11.8,2.46,-0.7
Moderate,Open,75,50,Krishna Rikta,107,25.2,15.0,25.1,24.7,0.1,-9.8,1.66,-0.39
Moderate,Open,75,50,Shukla Jaya,41,46.3,19.5,25.1,24.7,21.2,-5.2,2.34,-1.22
Moderate,Open,75,50,Shukla Nanda,99,31.3,21.2,25.1,24.7,6.2,-3.5,1.45,-0.44
Moderate,Open,75,50,Shukla Rikta,41,26.8,22.0,25.1,24.7,1.7,-2.8,1.2,-0.29
Moderate,Positioning,0,0,Krishna Bhadra,37,16.2,29.7,25.4,21.9,-9.2,7.8,0.47,0.91
Moderate,Positioning,0,0,Krishna Jaya,30,26.7,16.7,25.4,21.9,1.3,-5.3,1.38,-0.56
Moderate,Positioning,0,0,Shukla Jaya,39,23.1,33.3,25.4,21.9,-2.3,11.4,0.6,0.39
Moderate,Positioning,0,0,Shukla Nanda,30,16.7,16.7,25.4,21.9,-8.7,-5.3,0.86,0.37
Moderate,Positioning,0,0,Shukla Purna,43,7.0,39.5,25.4,21.9,-18.4,17.6,0.15,1.5
Moderate,Positioning,25,25,Krishna Rikta,38,13.2,23.7,25.4,21.9,-12.2,1.7,0.48,0.61
Moderate,Positioning,25,50,Krishna Bhadra,32,15.6,18.8,25.4,21.9,-9.7,-3.2,0.72,0.15
Moderate,Positioning,25,50,Krishna Jaya,52,26.9,28.8,25.4,21.9,1.5,6.9,0.81,0.23
Moderate,Positioning,25,50,Krishna Purna,35,25.7,25.7,25.4,21.9,0.3,3.8,0.86,-0.08
Moderate,Positioning,25,50,Krishna Rikta,66,36.4,12.1,25.4,21.9,11.0,-9.8,2.59,-0.6
Moderate,Positioning,25,50,Shukla Jaya,67,26.9,28.4,25.4,21.9,1.5,6.4,0.82,-0.03
Moderate,Positioning,25,50,Shukla Purna,59,23.7,28.8,25.4,21.9,-1.6,6.9,0.71,-0.09
Moderate,Positioning,25,50,Shukla Rikta,39,30.8,23.1,25.4,21.9,5.4,1.1,1.15,-0.24
Moderate,Positioning,25,75,Krishna Bhadra,69,27.5,26.1,25.4,21.9,2.2,4.1,0.91,0.21
Moderate,Positioning,25,75,Krishna Rikta,37,24.3,16.2,25.4,21.9,-1.1,-5.7,1.3,-0.2
Moderate,Positioning,25,75,Shukla Jaya,91,27.5,22.0,25.4,21.9,2.1,0.0,1.08,-0.08
Moderate,Positioning,25,75,Shukla Purna,66,16.7,27.3,25.4,21.9,-8.7,5.3,0.53,0.14
Moderate,Positioning,50,50,Krishna Bhadra,117,26.5,19.7,25.4,21.9,1.1,-2.3,1.17,-0.16
Moderate,Positioning,50,50,Krishna Jaya,136,30.1,13.2,25.4,21.9,4.8,-8.7,1.97,-0.44
Moderate,Positioning,50,50,Krishna Nanda,62,12.9,33.9,25.4,21.9,-12.5,11.9,0.33,0.8
Moderate,Positioning,50,50,Krishna Purna,69,24.6,15.9,25.4,21.9,-0.7,-6.0,1.34,-0.22
Moderate,Positioning,50,50,Krishna Rikta,100,26.0,16.0,25.4,21.9,0.6,-5.9,1.4,-0.27
Moderate,Positioning,50,50,Shukla Jaya,74,29.7,14.9,25.4,21.9,4.4,-7.1,1.73,-0.48
Moderate,Positioning,50,50,Shukla Nanda,56,21.4,21.4,25.4,21.9,-3.9,-0.5,0.86,0.45
Moderate,Positioning,50,50,Shukla Purna,48,29.2,12.5,25.4,21.9,3.8,-9.4,2.02,-0.55
Moderate,Positioning,50,50,Shukla Rikta,90,27.8,23.3,25.4,21.9,2.4,1.4,1.03,-0.21
Moderate,Positioning,50,75,Krishna Bhadra,35,22.9,28.6,25.4,21.9,-2.5,6.6,0.69,0.62
Moderate,Positioning,50,75,Krishna Jaya,64,21.9,25.0,25.4,21.9,-3.5,3.1,0.76,0.29
Moderate,Positioning,50,75,Krishna Purna,50,32.0,18.0,25.4,21.9,6.6,-3.9,1.54,-0.49
Moderate,Positioning,50,75,Krishna Rikta,71,28.2,22.5,25.4,21.9,2.8,0.6,1.08,0.16
Moderate,Positioning,50,75,Shukla Jaya,108,24.1,22.2,25.4,21.9,-1.3,0.3,0.94,0.1
Moderate,Positioning,50,75,Shukla Nanda,49,30.6,14.3,25.4,21.9,5.2,-7.7,1.85,-0.49
Moderate,Positioning,50,75,Shukla Purna,48,20.8,33.3,25.4,21.9,-4.5,11.4,0.54,0.67
Moderate,Positioning,50,75,Shukla Rikta,63,31.7,17.5,25.4,21.9,6.4,-4.5,1.57,-0.65
Moderate,Positioning,75,50,Krishna Bhadra,44,31.8,18.2,25.4,21.9,6.4,-3.8,1.51,-0.23
Moderate,Positioning,75,50,Krishna Rikta,30,23.3,23.3,25.4,21.9,-2.0,1.4,0.86,0.49
Moderate,Positioning,75,50,Shukla Jaya,49,26.5,26.5,25.4,21.9,1.2,4.6,0.86,0.32
Moderate,Positioning,75,50,Shukla Purna,69,31.9,21.7,25.4,21.9,6.5,-0.2,1.27,-0.46
Moderate,REMOVE,50,50,Shukla Bhadra,78,11.5,46.2,21.8,27.1,-10.3,19.0,0.31,1.8
Moderate,REMOVE,50,75,Krishna Bhadra,37,27.0,21.6,21.8,27.1,5.2,-5.5,1.55,-0.3
Moderate,REMOVE,50,75,Krishna Nanda,32,31.3,21.9,21.8,27.1,9.4,-5.2,1.77,0.47
Moderate,REMOVE,50,75,Shukla Bhadra,57,14.0,43.9,21.8,27.1,-7.8,16.7,0.4,1.4
Moderate,REMOVE,75,50,Krishna Purna,33,21.2,33.3,21.8,27.1,-0.6,6.2,0.79,0.19
Moderate,Survival,0,0,Krishna Bhadra,82,9.8,41.5,23.5,27.2,-13.7,14.3,0.27,1.41
Moderate,Survival,0,0,Krishna Jaya,132,14.4,35.6,23.5,27.2,-9.1,8.4,0.47,1.04
Moderate,Survival,0,0,Krishna Nanda,113,7.1,54.0,23.5,27.2,-16.4,26.8,0.15,2.44
Moderate,Survival,0,0,Krishna Purna,138,17.4,39.9,23.5,27.2,-6.1,12.6,0.51,1.02
Moderate,Survival,0,0,Krishna Rikta,143,16.8,49.0,23.5,27.2,-6.7,21.7,0.4,1.53
Moderate,Survival,0,0,Shukla Bhadra,176,9.7,35.8,23.5,27.2,-13.8,8.6,0.31,1.82
Moderate,Survival,0,0,Shukla Jaya,170,12.9,34.1,23.5,27.2,-10.6,6.9,0.44,1.34
Moderate,Survival,0,0,Shukla Nanda,136,15.4,48.5,23.5,27.2,-8.1,21.3,0.37,1.73
Moderate,Survival,0,0,Shukla Purna,77,19.5,32.5,23.5,27.2,-4.0,5.3,0.69,1.06
Moderate,Survival,0,0,Shukla Rikta,88,17.0,38.6,23.5,27.2,-6.5,11.4,0.51,1.23
Moderate,Survival,25,25,Krishna Bhadra,32,3.1,50.0,23.5,27.2,-20.4,22.8,0.07,2.45
Moderate,Survival,25,25,Krishna Nanda,69,26.1,20.3,23.5,27.2,2.6,-6.9,1.49,-0.24
Moderate,Survival,25,25,Krishna Rikta,30,23.3,33.3,23.5,27.2,-0.2,6.1,0.81,0.96
Moderate,Survival,25,50,Krishna Bhadra,100,26.0,22.0,23.5,27.2,2.5,-5.2,1.37,-0.22
Moderate,Survival,25,50,Krishna Jaya,48,16.7,22.9,23.5,27.2,-6.8,-4.3,0.84,0.24
Moderate,Survival,25,50,Krishna Nanda,54,29.6,24.1,23.5,27.2,6.1,-3.1,1.42,-0.3
Moderate,Survival,25,50,Krishna Purna,161,29.2,21.1,23.5,27.2,5.7,-6.1,1.6,-0.14
Moderate,Survival,25,50,Krishna Rikta,136,27.2,36.0,23.5,27.2,3.7,8.8,0.87,0.16
Moderate,Survival,25,50,Shukla Bhadra,171,21.1,35.1,23.5,27.2,-2.4,7.9,0.69,0.71
Moderate,Survival,25,50,Shukla Jaya,136,27.9,22.1,23.5,27.2,4.4,-5.1,1.47,-0.09
Moderate,Survival,25,50,Shukla Nanda,138,19.6,23.9,23.5,27.2,-3.9,-3.3,0.95,0.45
Moderate,Survival,25,50,Shukla Purna,75,42.7,14.7,23.5,27.2,19.2,-12.5,3.37,-1.28
Moderate,Survival,25,50,Shukla Rikta,116,23.3,21.6,23.5,27.2,-0.2,-5.7,1.25,-0.4
Moderate,Survival,25,75,Krishna Jaya,62,37.1,32.3,23.5,27.2,13.6,5.1,1.33,-0.13
Moderate,Survival,25,75,Krishna Nanda,64,15.6,21.9,23.5,27.2,-7.9,-5.3,0.83,-0.18
Moderate,Survival,25,75,Krishna Purna,71,31.0,16.9,23.5,27.2,7.5,-10.3,2.12,-0.38
Moderate,Survival,25,75,Krishna Rikta,41,24.4,36.6,23.5,27.2,0.9,9.4,0.77,0.58
Moderate,Survival,25,75,Shukla Bhadra,68,30.9,32.4,23.5,27.2,7.4,5.1,1.11,-0.21
Moderate,Survival,25,75,Shukla Jaya,76,31.6,15.8,23.5,27.2,8.1,-11.4,2.32,-0.75
Moderate,Survival,25,75,Shukla Nanda,54,20.4,20.4,23.5,27.2,-3.1,-6.8,1.16,-0.43
Moderate,Survival,25,75,Shukla Purna,55,36.4,25.5,23.5,27.2,12.9,-1.8,1.65,-0.28
Moderate,Survival,25,75,Shukla Rikta,53,24.5,9.4,23.5,27.2,1.0,-17.8,3.01,-0.64
Moderate,Survival,50,25,Shukla Bhadra,43,27.9,20.9,23.5,27.2,4.4,-6.3,1.54,-0.03
Moderate,Survival,50,50,Krishna Bhadra,175,26.3,23.4,23.5,27.2,2.8,-3.8,1.3,0.11
Moderate,Survival,50,50,Krishna Jaya,308,24.0,26.6,23.5,27.2,0.5,-0.6,1.04,0.24
Moderate,Survival,50,50,Krishna Nanda,283,24.0,23.0,23.5,27.2,0.5,-4.2,1.21,0.0
Moderate,Survival,50,50,Krishna Purna,389,27.2,24.7,23.5,27.2,3.7,-2.5,1.28,-0.06
Moderate,Survival,50,50,Krishna Rikta,251,21.1,29.5,23.5,27.2,-2.4,2.3,0.83,0.34
Moderate,Survival,50,50,Shukla Bhadra,333,20.1,32.4,23.5,27.2,-3.4,5.2,0.72,0.58
Moderate,Survival,50,50,Shukla Jaya,156,33.3,9.0,23.5,27.2,9.8,-18.2,4.3,-0.92
Moderate,Survival,50,50,Shukla Nanda,262,29.0,16.0,23.5,27.2,5.5,-11.2,2.09,-0.35
Moderate,Survival,50,50,Shukla Purna,90,35.6,18.9,23.5,27.2,12.1,-8.3,2.18,-0.54
Moderate,Survival,50,50,Shukla Rikta,134,24.6,20.1,23.5,27.2,1.1,-7.1,1.41,-0.15
Moderate,Survival,50,75,Krishna Bhadra,66,27.3,25.8,23.5,27.2,3.8,-1.4,1.23,0.03
Moderate,Survival,50,75,Krishna Jaya,68,26.5,30.9,23.5,27.2,3.0,3.7,0.99,0.74
Moderate,Survival,50,75,Krishna Nanda,113,27.4,22.1,23.5,27.2,3.9,-5.1,1.44,0.08
Moderate,Survival,50,75,Krishna Purna,182,23.6,22.5,23.5,27.2,0.1,-4.7,1.21,0.05
Moderate,Survival,50,75,Krishna Rikta,210,18.1,38.6,23.5,27.2,-5.4,11.4,0.54,1.02
Moderate,Survival,50,75,Shukla Bhadra,99,18.2,23.2,23.5,27.2,-5.3,-4.0,0.91,0.18
Moderate,Survival,50,75,Shukla Jaya,162,19.1,26.5,23.5,27.2,-4.4,-0.7,0.83,0.54
Moderate,Survival,50,75,Shukla Nanda,120,29.2,18.3,23.5,27.2,5.7,-8.9,1.84,-0.64
Moderate,Survival,50,75,Shukla Purna,129,25.6,22.5,23.5,27.2,2.1,-4.7,1.32,-0.0
Moderate,Survival,50,75,Shukla Rikta,87,21.8,24.1,23.5,27.2,-1.7,-3.1,1.05,0.01
Moderate,Survival,75,50,Krishna Bhadra,82,22.0,34.1,23.5,27.2,-1.6,6.9,0.74,0.61
Moderate,Survival,75,50,Krishna Jaya,31,22.6,19.4,23.5,27.2,-0.9,-7.9,1.35,-0.29
Moderate,Survival,75,50,Krishna Nanda,34,29.4,29.4,23.5,27.2,5.9,2.2,1.16,-0.13
Moderate,Survival,75,50,Krishna Rikta,126,36.5,19.8,23.5,27.2,13.0,-7.4,2.13,-0.87
Moderate,Survival,75,50,Shukla Bhadra,102,18.6,25.5,23.5,27.2,-4.9,-1.7,0.85,0.49
Moderate,Survival,75,50,Shukla Jaya,70,35.7,14.3,23.5,27.2,12.2,-12.9,2.89,-0.84
Moderate,Survival,75,50,Shukla Nanda,31,9.7,35.5,23.5,27.2,-13.8,8.3,0.32,0.98
Moderate,Survival,75,50,Shukla Rikta,50,20.0,24.0,23.5,27.2,-3.5,-3.2,0.96,0.3
Tough,Closing,50,50,Krishna Bhadra,97,34.0,27.8,29.6,26.3,4.5,1.6,1.09,-0.05
Tough,Open,0,0,Shukla Bhadra,35,5.7,42.9,20.1,25.5,-14.4,17.4,0.17,1.59
Tough,Open,25,50,Shukla Bhadra,54,27.8,20.4,20.1,25.5,7.7,-5.1,1.73,-0.46
Tough,Open,25,75,Shukla Bhadra,33,18.2,9.1,20.1,25.5,-1.9,-16.4,2.53,-0.56
Tough,Open,50,50,Krishna Bhadra,46,17.4,26.1,20.1,25.5,-2.7,0.6,0.84,-0.17
Tough,Open,50,50,Shukla Bhadra,78,23.1,23.1,20.1,25.5,3.0,-2.4,1.27,-0.28
Tough,Open,50,75,Krishna Bhadra,56,17.9,32.1,20.1,25.5,-2.2,6.7,0.7,0.13
Tough,Open,50,75,Shukla Bhadra,111,27.9,27.0,20.1,25.5,7.8,1.6,1.31,-0.07
Tough,Positioning,25,75,Shukla Nanda,49,26.5,22.4,26.1,23.5,0.5,-1.0,1.07,0.28
Tough,Positioning,50,50,Krishna Jaya,68,16.2,19.1,26.1,23.5,-9.9,-4.4,0.76,0.3
Tough,Positioning,50,50,Shukla Bhadra,36,36.1,13.9,26.1,23.5,10.1,-9.6,2.34,-0.29
Tough,Positioning,50,50,Shukla Nanda,47,19.1,38.3,26.1,23.5,-6.9,14.8,0.45,0.96
Tough,Positioning,50,75,Krishna Purna,42,59.5,4.8,26.1,23.5,33.5,-18.7,11.27,-2.11
Tough,Survival,25,50,Krishna Rikta,30,16.7,26.7,19.2,26.0,-2.5,0.7,0.85,0.21
Tough,Survival,25,75,Krishna Rikta,56,23.2,32.1,19.2,26.0,4.1,6.2,0.98,0.35
Tough,Survival,50,50,Krishna Rikta,53,15.1,22.6,19.2,26.0,-4.1,-3.3,0.9,0.19
Tough,Survival,50,75,Shukla Jaya,59,20.3,25.4,19.2,26.0,1.2,-0.6,1.08,0.18
