round_type,condition,color,gap_bucket,n,good_pct,bad_pct,pop_good_pct,pop_bad_pct,good_edge,bad_edge,ratio,avg_diff
Closing,Calm,Blue,-40,45,11.1,33.3,23.7,22.7,-12.6,10.6,0.32,0.42
Closing,Calm,Blue,-30,122,14.8,24.6,23.7,22.7,-8.9,1.9,0.58,0.36
Closing,Calm,Blue,-20,181,22.7,20.4,23.7,22.7,-1.0,-2.3,1.06,-0.11
Closing,Calm,Blue,-10,197,27.9,21.8,23.7,22.7,4.3,-0.9,1.23,-0.2
Closing,Calm,Blue,0,264,23.9,25.0,23.7,22.7,0.2,2.3,0.92,0.09
Closing,Calm,Blue,10,79,21.5,24.1,23.7,22.7,-2.1,1.3,0.86,-0.04
Closing,Calm,Green,-20,88,33.0,20.5,23.7,22.7,9.3,-2.3,1.55,-0.35
Closing,Calm,Green,-10,120,19.2,20.8,23.7,22.7,-4.5,-1.9,0.88,0.04
Closing,Calm,Green,0,255,23.1,23.1,23.7,22.7,-0.5,0.4,0.96,0.05
Closing,Calm,Green,10,54,37.0,13.0,23.7,22.7,13.4,-9.7,2.74,-0.96
Closing,Calm,Orange,-40,54,35.2,18.5,23.7,22.7,11.5,-4.2,1.82,-0.95
Closing,Calm,Orange,-30,179,29.6,22.3,23.7,22.7,5.9,-0.4,1.27,-0.21
Closing,Calm,Orange,-20,170,21.2,25.9,23.7,22.7,-2.5,3.2,0.79,0.18
Closing,Calm,Orange,-10,206,23.3,21.8,23.7,22.7,-0.4,-0.9,1.02,-0.04
Closing,Calm,Orange,0,167,19.2,21.6,23.7,22.7,-4.5,-1.2,0.85,0.13
Closing,Calm,Orange,10,62,25.8,30.6,23.7,22.7,2.1,7.9,0.81,0.14
Closing,Calm,Purple,-20,126,24.6,23.8,23.7,22.7,0.9,1.1,0.99,0.06
Closing,Calm,Purple,-10,128,28.9,17.2,23.7,22.7,5.2,-5.5,1.61,-0.39
Closing,Calm,Purple,0,283,25.4,21.9,23.7,22.7,1.8,-0.8,1.11,-0.1
Closing,Calm,Purple,10,66,28.8,9.1,23.7,22.7,5.1,-13.6,3.04,-0.82
Closing,Calm,Red,0,71,12.7,38.0,23.7,22.7,-11.0,15.3,0.32,0.92
Closing,Calm,Yellow,-40,65,24.6,26.2,23.7,22.7,0.9,3.4,0.9,0.09
Closing,Calm,Yellow,-30,115,27.8,27.0,23.7,22.7,4.2,4.2,0.99,-0.12
Closing,Calm,Yellow,-20,278,22.7,19.4,23.7,22.7,-1.0,-3.3,1.12,-0.04
Closing,Calm,Yellow,-10,377,24.9,23.9,23.7,22.7,1.3,1.2,1.0,-0.01
Closing,Calm,Yellow,0,592,23.5,21.5,23.7,22.7,-0.2,-1.3,1.05,-0.02
Closing,Calm,Yellow,10,111,20.7,23.4,23.7,22.7,-2.9,0.7,0.85,0.15
Closing,Moderate,Blue,-30,83,21.7,20.5,26.5,20.9,-4.9,-0.4,0.83,0.12
Closing,Moderate,Blue,-20,105,22.9,21.0,26.5,20.9,-3.7,0.1,0.86,-0.14
Closing,Moderate,Blue,-10,128,27.3,23.4,26.5,20.9,0.8,2.5,0.92,-0.22
Closing,Moderate,Blue,0,172,27.9,20.3,26.5,20.9,1.4,-0.5,1.08,-0.23
Closing,Moderate,Green,-20,44,27.3,20.5,26.5,20.9,0.7,-0.4,1.05,0.01
Closing,Moderate,Green,-10,55,23.6,20.0,26.5,20.9,-2.9,-0.9,0.93,-0.18
Closing,Moderate,Green,0,129,28.7,17.8,26.5,20.9,2.1,-3.1,1.27,-0.42
Closing,Moderate,Orange,-30,77,31.2,16.9,26.5,20.9,4.6,-4.0,1.45,-0.23
Closing,Moderate,Orange,-20,88,33.0,14.8,26.5,20.9,6.4,-6.1,1.76,-0.71
Closing,Moderate,Orange,-10,123,28.5,14.6,26.5,20.9,1.9,-6.3,1.53,-0.5
Closing,Moderate,Orange,0,115,27.8,26.1,26.5,20.9,1.3,5.2,0.84,0.12
Closing,Moderate,Purple,-30,38,36.8,23.7,26.5,20.9,10.3,2.8,1.22,-0.27
Closing,Moderate,Purple,-20,64,28.1,32.8,26.5,20.9,1.6,11.9,0.67,0.16
Closing,Moderate,Purple,-10,70,27.1,18.6,26.5,20.9,0.6,-2.3,1.15,-0.05
Closing,Moderate,Purple,0,123,26.8,18.7,26.5,20.9,0.3,-2.2,1.13,-0.38
Closing,Moderate,Red,0,30,30.0,20.0,26.5,20.9,3.5,-0.9,1.18,0.34
Closing,Moderate,Yellow,-30,88,34.1,19.3,26.5,20.9,7.5,-1.6,1.39,-0.83
Closing,Moderate,Yellow,-20,171,26.3,25.7,26.5,20.9,-0.2,4.8,0.81,-0.05
Closing,Moderate,Yellow,-10,245,22.9,24.1,26.5,20.9,-3.7,3.2,0.75,0.09
Closing,Moderate,Yellow,0,523,27.2,20.5,26.5,20.9,0.6,-0.4,1.04,-0.12
Closing,Moderate,Yellow,10,74,20.3,18.9,26.5,20.9,-6.3,-2.0,0.84,-0.07
Closing,Tough,Yellow,-10,44,31.8,20.5,32.3,24.6,-0.4,-4.1,1.19,-0.22
Closing,Tough,Yellow,0,59,33.9,23.7,32.3,24.6,1.6,-0.9,1.09,-0.63
Elimination,Calm,Yellow,-10,36,16.7,33.3,27.7,18.2,-11.1,15.1,0.33,1.47
Mixed,Calm,Blue,-20,48,31.3,22.9,33.0,22.2,-1.8,0.7,0.91,0.16
Mixed,Calm,Blue,-10,38,39.5,23.7,33.0,22.2,6.4,1.5,1.12,-0.79
Mixed,Calm,Blue,0,39,30.8,20.5,33.0,22.2,-2.3,-1.7,1.01,-0.48
Mixed,Calm,Green,-10,40,37.5,25.0,33.0,22.2,4.5,2.8,1.01,0.11
Mixed,Calm,Green,0,31,29.0,16.1,33.0,22.2,-4.0,-6.0,1.21,-0.36
Mixed,Calm,Orange,-20,30,36.7,23.3,33.0,22.2,3.6,1.2,1.05,-0.16
Mixed,Calm,Orange,-10,35,37.1,11.4,33.0,22.2,4.1,-10.7,2.18,-0.68
Mixed,Calm,Orange,0,48,31.3,20.8,33.0,22.2,-1.8,-1.3,1.01,-0.03
Mixed,Calm,Purple,-20,32,21.9,25.0,33.0,22.2,-11.2,2.8,0.59,0.47
Mixed,Calm,Purple,-10,44,34.1,31.8,33.0,22.2,1.0,9.6,0.72,0.21
Mixed,Calm,Purple,0,48,25.0,31.3,33.0,22.2,-8.0,9.1,0.54,0.5
Mixed,Calm,Yellow,-20,87,39.1,25.3,33.0,22.2,6.0,3.1,1.04,-0.14
Mixed,Calm,Yellow,-10,115,27.8,18.3,33.0,22.2,-5.2,-3.9,1.02,0.15
Mixed,Calm,Yellow,0,102,31.4,21.6,33.0,22.2,-1.7,-0.6,0.98,-0.21
Open,Calm,Blue,-40,97,24.7,16.5,28.4,20.9,-3.7,-4.4,1.1,-0.22
Open,Calm,Blue,-30,207,27.1,24.2,28.4,20.9,-1.4,3.3,0.82,-0.05
Open,Calm,Blue,-20,307,27.0,23.8,28.4,20.9,-1.4,2.9,0.84,-0.07
Open,Calm,Blue,-10,277,23.1,18.8,28.4,20.9,-5.3,-2.1,0.9,-0.05
Open,Calm,Blue,0,563,26.8,22.7,28.4,20.9,-1.6,1.8,0.87,-0.11
Open,Calm,Blue,10,100,22.0,19.0,28.4,20.9,-6.4,-1.9,0.85,0.15
Open,Calm,Green,-30,88,20.5,15.9,28.4,20.9,-8.0,-5.0,0.94,0.01
Open,Calm,Green,-20,173,34.7,23.7,28.4,20.9,6.3,2.8,1.08,-0.32
Open,Calm,Green,-10,203,22.7,22.7,28.4,20.9,-5.8,1.8,0.73,0.09
Open,Calm,Green,0,434,29.0,22.4,28.4,20.9,0.6,1.5,0.95,-0.2
Open,Calm,Green,10,42,19.0,16.7,28.4,20.9,-9.4,-4.2,0.84,-0.18
Open,Calm,Orange,-40,164,27.4,20.7,28.4,20.9,-1.0,-0.2,0.97,-0.07
Open,Calm,Orange,-30,272,32.4,21.0,28.4,20.9,3.9,0.1,1.13,-0.43
Open,Calm,Orange,-20,310,23.2,20.0,28.4,20.9,-5.2,-0.9,0.85,0.01
Open,Calm,Orange,-10,198,31.8,18.2,28.4,20.9,3.4,-2.7,1.29,-0.56
Open,Calm,Orange,0,374,28.6,19.5,28.4,20.9,0.2,-1.4,1.08,-0.26
Open,Calm,Orange,10,49,14.3,22.4,28.4,20.9,-14.1,1.6,0.47,0.25
Open,Calm,Purple,-30,87,33.3,20.7,28.4,20.9,4.9,-0.2,1.18,-0.38
Open,Calm,Purple,-20,201,30.8,17.9,28.4,20.9,2.4,-3.0,1.27,-0.3
Open,Calm,Purple,-10,252,25.4,23.8,28.4,20.9,-3.0,2.9,0.78,0.04
Open,Calm,Purple,0,510,30.0,23.1,28.4,20.9,1.6,2.2,0.95,-0.19
Open,Calm,Purple,10,61,27.9,26.2,28.4,20.9,-0.6,5.3,0.78,-0.09
Open,Calm,Red,-30,39,28.2,17.9,28.4,20.9,-0.2,-2.9,1.15,-0.61
Open,Calm,Red,-10,38,23.7,13.2,28.4,20.9,-4.7,-7.7,1.32,-0.26
Open,Calm,Red,0,138,19.6,23.2,28.4,20.9,-8.9,2.3,0.62,0.37
Open,Calm,Yellow,-40,110,22.7,21.8,28.4,20.9,-5.7,0.9,0.77,0.32
Open,Calm,Yellow,-30,248,33.9,19.8,28.4,20.9,5.4,-1.1,1.26,-0.42
Open,Calm,Yellow,-20,514,30.4,22.6,28.4,20.9,1.9,1.7,0.99,-0.26
Open,Calm,Yellow,-10,626,28.8,22.0,28.4,20.9,0.3,1.2,0.96,-0.17
Open,Calm,Yellow,0,1107,31.6,18.2,28.4,20.9,3.2,-2.7,1.28,-0.43
Open,Calm,Yellow,10,142,29.6,17.6,28.4,20.9,1.1,-3.3,1.23,-0.28
Open,Calm,Yellow,20,40,25.0,15.0,28.4,20.9,-3.4,-5.9,1.22,-0.23
Open,Moderate,Blue,-40,52,21.2,34.6,27.0,21.4,-5.9,13.2,0.48,0.81
Open,Moderate,Blue,-30,114,26.3,18.4,27.0,21.4,-0.7,-3.0,1.13,-0.05
Open,Moderate,Blue,-20,241,25.3,18.7,27.0,21.4,-1.7,-2.7,1.07,-0.23
Open,Moderate,Blue,-10,221,27.6,19.9,27.0,21.4,0.6,-1.5,1.1,-0.14
Open,Moderate,Blue,0,331,29.9,19.9,27.0,21.4,2.9,-1.5,1.19,-0.42
Open,Moderate,Blue,10,77,20.8,27.3,27.0,21.4,-6.3,5.9,0.6,0.27
Open,Moderate,Green,-30,34,20.6,23.5,27.0,21.4,-6.5,2.1,0.69,0.47
Open,Moderate,Green,-20,81,33.3,24.7,27.0,21.4,6.3,3.3,1.07,-0.36
Open,Moderate,Green,-10,144,25.7,28.5,27.0,21.4,-1.4,7.1,0.71,0.12
Open,Moderate,Green,0,299,27.8,24.7,27.0,21.4,0.7,3.3,0.89,-0.08
Open,Moderate,Green,10,46,30.4,17.4,27.0,21.4,3.4,-4.0,1.39,-0.77
Open,Moderate,Orange,-40,69,33.3,24.6,27.0,21.4,6.3,3.2,1.07,-0.14
Open,Moderate,Orange,-30,132,28.0,18.2,27.0,21.4,1.0,-3.2,1.22,-0.46
Open,Moderate,Orange,-20,183,30.6,21.9,27.0,21.4,3.6,0.4,1.11,-0.4
Open,Moderate,Orange,-10,252,29.4,17.1,27.0,21.4,2.3,-4.4,1.36,-0.42
Open,Moderate,Orange,0,250,28.8,20.0,27.0,21.4,1.8,-1.4,1.14,-0.23
Open,Moderate,Orange,10,72,23.6,33.3,27.0,21.4,-3.4,11.9,0.56,0.87
Open,Moderate,Purple,-30,40,17.5,15.0,27.0,21.4,-9.5,-6.4,0.92,-0.02
Open,Moderate,Purple,-20,100,22.0,29.0,27.0,21.4,-5.0,7.6,0.6,0.26
Open,Moderate,Purple,-10,151,27.2,20.5,27.0,21.4,0.1,-0.9,1.05,-0.27
Open,Moderate,Purple,0,356,33.1,20.5,27.0,21.4,6.1,-0.9,1.28,-0.56
Open,Moderate,Purple,10,80,28.8,18.8,27.0,21.4,1.7,-2.7,1.21,-0.51
Open,Moderate,Red,0,86,36.0,25.6,27.0,21.4,9.0,4.2,1.12,-0.34
Open,Moderate,Yellow,-40,57,24.6,24.6,27.0,21.4,-2.5,3.1,0.79,-0.01
Open,Moderate,Yellow,-30,130,21.5,17.7,27.0,21.4,-5.5,-3.7,0.96,-0.05
Open,Moderate,Yellow,-20,387,25.8,19.9,27.0,21.4,-1.2,-1.5,1.03,-0.15
Open,Moderate,Yellow,-10,481,24.9,21.2,27.0,21.4,-2.1,-0.2,0.93,-0.1
Open,Moderate,Yellow,0,792,24.1,22.3,27.0,21.4,-2.9,0.9,0.85,-0.06
Open,Moderate,Yellow,10,117,30.8,17.9,27.0,21.4,3.7,-3.5,1.36,-0.6
Open,Moderate,Yellow,20,43,25.6,14.0,27.0,21.4,-1.5,-7.5,1.45,-0.62
Open,Tough,Blue,-20,32,25.0,31.3,21.1,24.5,3.9,6.8,0.93,-0.01
Open,Tough,Blue,-10,42,31.0,35.7,21.1,24.5,9.8,11.2,1.0,-0.01
Open,Tough,Blue,0,43,16.3,25.6,21.1,24.5,-4.8,1.1,0.74,-0.25
Open,Tough,Orange,-30,30,13.3,10.0,21.1,24.5,-7.8,-14.5,1.55,-0.35
Open,Tough,Purple,-10,31,19.4,29.0,21.1,24.5,-1.8,4.5,0.77,0.4
Open,Tough,Yellow,-20,40,22.5,15.0,21.1,24.5,1.4,-9.5,1.74,-0.03
Open,Tough,Yellow,-10,65,20.0,30.8,21.1,24.5,-1.1,6.3,0.75,-0.11
Open,Tough,Yellow,0,31,9.7,32.3,21.1,24.5,-11.4,7.8,0.35,0.75
Positioning,Calm,Blue,-40,82,17.1,22.0,24.9,21.6,-7.9,0.3,0.67,0.31
Positioning,Calm,Blue,-30,117,29.1,21.4,24.9,21.6,4.1,-0.2,1.18,-0.08
Positioning,Calm,Blue,-20,151,25.2,23.8,24.9,21.6,0.2,2.2,0.91,0.03
Positioning,Calm,Blue,-10,242,21.5,23.6,24.9,21.6,-3.4,2.0,0.79,0.06
Positioning,Calm,Blue,0,304,28.6,19.1,24.9,21.6,3.7,-2.5,1.3,-0.23
Positioning,Calm,Blue,10,52,21.2,15.4,24.9,21.6,-3.8,-6.2,1.19,-0.01
Positioning,Calm,Green,-30,54,14.8,20.4,24.9,21.6,-10.1,-1.2,0.63,0.01
Positioning,Calm,Green,-20,73,27.4,21.9,24.9,21.6,2.5,0.3,1.08,-0.17
Positioning,Calm,Green,-10,144,22.9,14.6,24.9,21.6,-2.0,-7.0,1.36,-0.45
Positioning,Calm,Green,0,242,26.0,19.4,24.9,21.6,1.1,-2.2,1.16,-0.19
Positioning,Calm,Orange,-40,84,27.4,16.7,24.9,21.6,2.4,-4.9,1.42,-0.31
Positioning,Calm,Orange,-30,170,22.4,24.7,24.9,21.6,-2.6,3.1,0.78,0.06
Positioning,Calm,Orange,-20,160,27.5,19.4,24.9,21.6,2.6,-2.2,1.23,-0.11
Positioning,Calm,Orange,-10,192,24.5,26.6,24.9,21.6,-0.5,5.0,0.8,0.12
Positioning,Calm,Orange,0,235,31.1,23.4,24.9,21.6,6.1,1.8,1.15,-0.27
Positioning,Calm,Orange,10,32,18.8,28.1,24.9,21.6,-6.2,6.5,0.58,0.43
Positioning,Calm,Purple,-40,38,23.7,23.7,24.9,21.6,-1.3,2.1,0.87,-0.26
Positioning,Calm,Purple,-30,56,28.6,21.4,24.9,21.6,3.6,-0.2,1.16,-0.18
Positioning,Calm,Purple,-20,76,23.7,28.9,24.9,21.6,-1.3,7.3,0.71,0.05
Positioning,Calm,Purple,-10,179,25.1,17.9,24.9,21.6,0.2,-3.7,1.22,-0.28
Positioning,Calm,Purple,0,292,25.7,18.8,24.9,21.6,0.8,-2.8,1.18,-0.2
Positioning,Calm,Purple,10,31,19.4,29.0,24.9,21.6,-5.6,7.4,0.58,0.55
Positioning,Calm,Red,-10,39,28.2,23.1,24.9,21.6,3.3,1.5,1.06,-0.14
Positioning,Calm,Red,0,58,22.4,17.2,24.9,21.6,-2.5,-4.4,1.13,-0.31
Positioning,Calm,Yellow,-40,79,29.1,12.7,24.9,21.6,4.2,-8.9,1.99,-0.41
Positioning,Calm,Yellow,-30,153,22.9,26.8,24.9,21.6,-2.1,5.2,0.74,0.08
Positioning,Calm,Yellow,-20,230,25.7,18.3,24.9,21.6,0.7,-3.3,1.22,-0.11
Positioning,Calm,Yellow,-10,450,24.4,20.0,24.9,21.6,-0.5,-1.6,1.06,-0.19
Positioning,Calm,Yellow,0,640,24.1,23.6,24.9,21.6,-0.9,2.0,0.88,-0.03
Positioning,Calm,Yellow,10,118,24.6,21.2,24.9,21.6,-0.4,-0.4,1.0,-0.36
Positioning,Calm,Yellow,20,48,16.7,37.5,24.9,21.6,-8.3,15.9,0.39,0.49
Positioning,Moderate,Blue,-40,34,11.8,17.6,26.1,21.3,-14.4,-3.6,0.54,0.35
Positioning,Moderate,Blue,-30,69,26.1,29.0,26.1,21.3,-0.0,7.7,0.73,0.14
Positioning,Moderate,Blue,-20,65,23.1,29.2,26.1,21.3,-3.0,8.0,0.64,0.33
Positioning,Moderate,Blue,-10,154,26.6,21.4,26.1,21.3,0.5,0.2,1.01,-0.04
Positioning,Moderate,Blue,0,148,29.1,19.6,26.1,21.3,2.9,-1.7,1.21,-0.24
Positioning,Moderate,Green,-10,63,34.9,19.0,26.1,21.3,8.8,-2.2,1.49,-0.41
Positioning,Moderate,Green,0,117,27.4,24.8,26.1,21.3,1.2,3.5,0.9,0.01
Positioning,Moderate,Orange,-40,36,25.0,19.4,26.1,21.3,-1.1,-1.8,1.05,0.07
Positioning,Moderate,Orange,-30,108,25.0,24.1,26.1,21.3,-1.1,2.8,0.84,-0.01
Positioning,Moderate,Orange,-20,55,32.7,14.5,26.1,21.3,6.6,-6.7,1.83,-0.5
Positioning,Moderate,Orange,-10,138,26.1,23.2,26.1,21.3,-0.0,1.9,0.92,-0.12
Positioning,Moderate,Orange,0,115,25.2,16.5,26.1,21.3,-0.9,-4.7,1.24,-0.03
Positioning,Moderate,Purple,-30,37,35.1,18.9,26.1,21.3,9.0,-2.3,1.51,-0.37
Positioning,Moderate,Purple,-20,36,30.6,19.4,26.1,21.3,4.4,-1.8,1.28,-0.18
Positioning,Moderate,Purple,-10,52,21.2,21.2,26.1,21.3,-5.0,-0.1,0.81,0.08
Positioning,Moderate,Purple,0,135,23.0,20.7,26.1,21.3,-3.2,-0.5,0.9,-0.06
Positioning,Moderate,Purple,10,30,33.3,16.7,26.1,21.3,7.2,-4.6,1.63,-0.32
Positioning,Moderate,Yellow,-40,40,20.0,27.5,26.1,21.3,-6.1,6.2,0.59,0.46
Positioning,Moderate,Yellow,-30,117,24.8,25.6,26.1,21.3,-1.3,4.4,0.79,0.19
Positioning,Moderate,Yellow,-20,119,26.9,19.3,26.1,21.3,0.8,-1.9,1.13,-0.14
Positioning,Moderate,Yellow,-10,222,28.4,18.9,26.1,21.3,2.3,-2.3,1.22,-0.32
Positioning,Moderate,Yellow,0,308,26.0,18.5,26.1,21.3,-0.2,-2.8,1.14,-0.15
Positioning,Moderate,Yellow,10,68,27.9,20.6,26.1,21.3,1.8,-0.7,1.1,-0.04
Positioning,Tough,Blue,0,33,36.4,24.2,26.2,22.1,10.2,2.1,1.27,-0.25
Positioning,Tough,Purple,0,30,33.3,20.0,26.2,22.1,7.2,-2.1,1.41,0.05
Positioning,Tough,Yellow,-20,44,29.5,22.7,26.2,22.1,3.4,0.6,1.1,-0.13
Positioning,Tough,Yellow,-10,54,25.9,16.7,26.2,22.1,-0.2,-5.5,1.32,-0.22
Positioning,Tough,Yellow,0,57,14.0,24.6,26.2,22.1,-12.1,2.4,0.48,0.57
REMOVE,Calm,Blue,-30,65,26.2,27.7,25.6,29.6,0.5,-1.9,1.09,0.39
REMOVE,Calm,Blue,-20,87,29.9,29.9,25.6,29.6,4.2,0.3,1.15,-0.26
REMOVE,Calm,Blue,-10,174,19.5,32.8,25.6,29.6,-6.1,3.2,0.69,0.61
REMOVE,Calm,Blue,0,172,27.3,27.9,25.6,29.6,1.7,-1.7,1.13,0.11
REMOVE,Calm,Blue,10,37,27.0,32.4,25.6,29.6,1.4,2.8,0.96,0.17
REMOVE,Calm,Green,-20,51,17.6,37.3,25.6,29.6,-8.0,7.7,0.55,0.64
REMOVE,Calm,Green,-10,81,23.5,32.1,25.6,29.6,-2.2,2.5,0.84,0.43
REMOVE,Calm,Green,0,94,23.4,26.6,25.6,29.6,-2.2,-3.0,1.02,0.4
REMOVE,Calm,Orange,-30,78,26.9,29.5,25.6,29.6,1.3,-0.1,1.05,0.34
REMOVE,Calm,Orange,-20,127,22.0,26.8,25.6,29.6,-3.6,-2.8,0.95,0.1
REMOVE,Calm,Orange,-10,170,22.9,32.9,25.6,29.6,-2.7,3.3,0.8,0.28
REMOVE,Calm,Orange,0,92,21.7,32.6,25.6,29.6,-3.9,3.0,0.77,0.56
REMOVE,Calm,Orange,10,35,25.7,40.0,25.6,29.6,0.1,10.4,0.74,0.89
REMOVE,Calm,Purple,-20,51,33.3,23.5,25.6,29.6,7.7,-6.1,1.64,-0.1
REMOVE,Calm,Purple,-10,78,17.9,32.1,25.6,29.6,-7.7,2.5,0.65,0.4
REMOVE,Calm,Purple,0,88,39.8,21.6,25.6,29.6,14.1,-8.0,2.13,-0.61
REMOVE,Calm,Red,-10,31,22.6,35.5,25.6,29.6,-3.1,5.9,0.73,0.28
REMOVE,Calm,Yellow,-30,69,31.9,29.0,25.6,29.6,6.2,-0.6,1.27,0.03
REMOVE,Calm,Yellow,-20,169,29.6,26.6,25.6,29.6,3.9,-3.0,1.28,-0.18
REMOVE,Calm,Yellow,-10,286,28.7,33.6,25.6,29.6,3.0,4.0,0.99,0.54
REMOVE,Calm,Yellow,0,269,23.4,28.6,25.6,29.6,-2.2,-1.0,0.94,0.59
REMOVE,Calm,Yellow,10,62,32.3,30.6,25.6,29.6,6.6,1.0,1.22,0.11
REMOVE,Moderate,Blue,0,30,16.7,46.7,23.2,26.1,-6.5,20.5,0.4,1.06
REMOVE,Moderate,Purple,0,40,20.0,25.0,23.2,26.1,-3.2,-1.1,0.9,0.64
REMOVE,Moderate,Yellow,-10,31,16.1,35.5,23.2,26.1,-7.1,9.4,0.51,0.91
REMOVE,Moderate,Yellow,0,96,14.6,30.2,23.2,26.1,-8.6,4.1,0.54,0.83
Survival,Calm,Blue,-40,80,27.5,26.3,26.6,22.6,0.9,3.7,0.89,0.07
Survival,Calm,Blue,-30,126,24.6,23.0,26.6,22.6,-2.0,0.5,0.91,0.16
Survival,Calm,Blue,-20,196,27.6,26.0,26.6,22.6,1.0,3.5,0.9,-0.01
Survival,Calm,Blue,-10,257,26.1,23.7,26.6,22.6,-0.5,1.2,0.93,-0.05
Survival,Calm,Blue,0,384,30.5,23.7,26.6,22.6,3.9,1.1,1.09,-0.17
Survival,Calm,Green,-40,32,15.6,21.9,26.6,22.6,-11.0,-0.7,0.61,0.39
Survival,Calm,Green,-30,68,26.5,14.7,26.6,22.6,-0.1,-7.9,1.53,-0.4
Survival,Calm,Green,-20,87,31.0,18.4,26.6,22.6,4.4,-4.2,1.43,-0.19
Survival,Calm,Green,-10,130,33.8,17.7,26.6,22.6,7.2,-4.9,1.62,-0.77
Survival,Calm,Green,0,326,22.7,24.2,26.6,22.6,-3.9,1.7,0.79,0.01
Survival,Calm,Orange,-40,115,28.7,22.6,26.6,22.6,2.1,0.1,1.08,-0.31
Survival,Calm,Orange,-30,230,30.0,18.7,26.6,22.6,3.4,-3.9,1.36,-0.35
Survival,Calm,Orange,-20,146,23.3,28.8,26.6,22.6,-3.3,6.2,0.69,0.26
Survival,Calm,Orange,-10,249,32.1,22.1,26.6,22.6,5.5,-0.5,1.23,-0.29
Survival,Calm,Orange,0,200,21.0,25.0,26.6,22.6,-5.6,2.4,0.71,0.23
Survival,Calm,Orange,10,35,14.3,28.6,26.6,22.6,-12.3,6.0,0.42,0.69
Survival,Calm,Purple,-40,32,28.1,18.8,26.6,22.6,1.5,-3.8,1.27,-0.53
Survival,Calm,Purple,-30,72,23.6,20.8,26.6,22.6,-3.0,-1.7,0.96,0.29
Survival,Calm,Purple,-20,120,28.3,24.2,26.6,22.6,1.7,1.6,0.99,0.02
Survival,Calm,Purple,-10,108,25.9,19.4,26.6,22.6,-0.7,-3.1,1.13,-0.17
Survival,Calm,Purple,0,304,22.7,18.4,26.6,22.6,-3.9,-4.1,1.04,-0.14
Survival,Calm,Purple,10,34,38.2,20.6,26.6,22.6,11.6,-2.0,1.57,-0.59
Survival,Calm,Red,-10,53,24.5,26.4,26.6,22.6,-2.1,3.9,0.79,0.02
Survival,Calm,Red,0,110,30.9,24.5,26.6,22.6,4.3,2.0,1.07,0.09
Survival,Calm,Yellow,-40,78,21.8,26.9,26.6,22.6,-4.8,4.4,0.69,0.28
Survival,Calm,Yellow,-30,155,31.6,18.7,26.6,22.6,5.0,-3.8,1.43,-0.27
Survival,Calm,Yellow,-20,319,27.0,22.3,26.6,22.6,0.4,-0.3,1.03,-0.17
Survival,Calm,Yellow,-10,561,26.7,21.9,26.6,22.6,0.1,-0.6,1.03,-0.09
Survival,Calm,Yellow,0,821,24.1,23.9,26.6,22.6,-2.5,1.3,0.86,0.09
Survival,Calm,Yellow,10,51,27.5,23.5,26.6,22.6,0.9,1.0,0.99,-0.33
Survival,Moderate,Blue,-40,42,23.8,28.6,25.4,24.5,-1.6,4.1,0.8,0.02
Survival,Moderate,Blue,-30,131,31.3,19.8,25.4,24.5,5.9,-4.6,1.52,-0.59
Survival,Moderate,Blue,-20,281,23.5,23.8,25.4,24.5,-1.9,-0.6,0.95,0.13
Survival,Moderate,Blue,-10,306,24.8,22.9,25.4,24.5,-0.6,-1.6,1.05,-0.1
Survival,Moderate,Blue,0,352,25.9,28.1,25.4,24.5,0.4,3.6,0.88,0.19
Survival,Moderate,Blue,10,51,21.6,23.5,25.4,24.5,-3.9,-1.0,0.88,-0.1
Survival,Moderate,Green,-30,69,30.4,24.6,25.4,24.5,5.0,0.2,1.19,-0.38
Survival,Moderate,Green,-20,146,26.0,21.9,25.4,24.5,0.6,-2.6,1.14,-0.28
Survival,Moderate,Green,-10,161,27.3,24.2,25.4,24.5,1.9,-0.3,1.09,-0.07
Survival,Moderate,Green,0,288,27.1,27.1,25.4,24.5,1.6,2.6,0.96,0.08
Survival,Moderate,Green,10,49,24.5,18.4,25.4,24.5,-0.9,-6.1,1.28,-0.57
Survival,Moderate,Orange,-40,117,23.9,22.2,25.4,24.5,-1.5,-2.3,1.04,-0.06
Survival,Moderate,Orange,-30,185,23.2,27.0,25.4,24.5,-2.2,2.5,0.83,0.1
Survival,Moderate,Orange,-20,221,24.0,24.9,25.4,24.5,-1.5,0.4,0.93,0.17
Survival,Moderate,Orange,-10,265,24.2,24.9,25.4,24.5,-1.3,0.4,0.93,0.14
Survival,Moderate,Orange,0,288,23.6,22.9,25.4,24.5,-1.8,-1.6,0.99,-0.03
Survival,Moderate,Orange,10,42,21.4,33.3,25.4,24.5,-4.0,8.8,0.62,0.75
Survival,Moderate,Purple,-30,62,40.3,21.0,25.4,24.5,14.9,-3.5,1.85,-0.56
Survival,Moderate,Purple,-20,147,22.4,22.4,25.4,24.5,-3.0,-2.0,0.96,0.05
Survival,Moderate,Purple,-10,179,21.8,24.0,25.4,24.5,-3.6,-0.5,0.87,0.17
Survival,Moderate,Purple,0,307,22.8,26.7,25.4,24.5,-2.6,2.2,0.82,0.12
Survival,Moderate,Purple,10,59,33.9,25.4,25.4,24.5,8.5,0.9,1.28,-0.49
Survival,Moderate,Red,-10,34,17.6,20.6,25.4,24.5,-7.8,-3.9,0.83,-0.08
Survival,Moderate,Red,0,51,23.5,29.4,25.4,24.5,-1.9,4.9,0.77,0.48
Survival,Moderate,Yellow,-40,63,28.6,25.4,25.4,24.5,3.1,0.9,1.08,-0.18
Survival,Moderate,Yellow,-30,145,26.9,26.2,25.4,24.5,1.5,1.7,0.99,-0.15
Survival,Moderate,Yellow,-20,441,21.5,26.8,25.4,24.5,-3.9,2.3,0.77,0.42
Survival,Moderate,Yellow,-10,670,27.2,25.5,25.4,24.5,1.7,1.0,1.02,0.08
Survival,Moderate,Yellow,0,835,25.7,22.4,25.4,24.5,0.3,-2.1,1.11,0.01
Survival,Moderate,Yellow,10,104,26.0,20.2,25.4,24.5,0.5,-4.3,1.24,-0.28
Survival,Tough,Yellow,-30,30,26.7,13.3,19.5,25.0,7.1,-11.7,2.56,-0.45
